"","date","home_team","away_team","team","scorer","minute","penalty","torneio"
"1","1916-07-08","Brazil","Chile","Brazil","Demóstenes Correia de Syllos",29,FALSE,"Copa America"
"2","1916-07-10","Argentina","Brazil","Brazil","Manoel Alencar Monte",23,FALSE,"Copa America"
"3","1916-07-12","Brazil","Uruguay","Brazil","Arthur Friedenreich",8,FALSE,"Copa América"
"4","1917-10-03","Argentina","Brazil","Brazil","Neco",8,FALSE,"Copa América"
"5","1917-10-03","Argentina","Brazil","Brazil","Silvio Lagreca",39,TRUE,"Copa América"
"6","1917-10-12","Brazil","Chile","Brazil","Caetano Izzo",21,FALSE,"Copa América"
"7","1917-10-12","Brazil","Chile","Brazil","Neco",23,FALSE,"Copa América"
"8","1917-10-12","Brazil","Chile","Brazil","Haroldo Domingues",26,FALSE,"Copa América"
"9","1917-10-12","Brazil","Chile","Brazil","Amílcar Barbuy",41,FALSE,"Copa América"
"10","1917-10-12","Brazil","Chile","Brazil","Haroldo Domingues",59,FALSE,"Copa América"
"11","1919-05-11","Brazil","Chile","Brazil","Arthur Friedenreich",19,FALSE,"Copa América"
"12","1919-05-11","Brazil","Chile","Brazil","Neco",21,FALSE,"Copa América"
"13","1919-05-11","Brazil","Chile","Brazil","Arthur Friedenreich",38,FALSE,"Copa América"
"14","1919-05-11","Brazil","Chile","Brazil","Arthur Friedenreich",76,FALSE,"Copa América"
"15","1919-05-11","Brazil","Chile","Brazil","Haroldo Domingues",79,FALSE,"Copa América"
"16","1919-05-11","Brazil","Chile","Brazil","Neco",83,FALSE,"Copa América"
"17","1919-05-18","Brazil","Argentina","Brazil","Heitor",22,FALSE,"Copa América"
"18","1919-05-18","Brazil","Argentina","Brazil","Amílcar Barbuy",57,FALSE,"Copa América"
"19","1919-05-18","Brazil","Argentina","Brazil","Adolpho Millón Junior",77,FALSE,"Copa América"
"20","1919-05-26","Brazil","Uruguay","Brazil","Neco",29,FALSE,"Copa América"
"21","1919-05-26","Brazil","Uruguay","Brazil","Neco",63,FALSE,"Copa América"
"22","1919-05-29","Brazil","Uruguay","Brazil","Arthur Friedenreich",122,FALSE,"Copa América"
"23","1920-09-11","Chile","Brazil","Brazil","Ismael Alvariza",53,FALSE,"Copa América"
"24","1921-10-12","Brazil","Paraguay","Brazil","Ernesto Duarte Machado da Silva",21,FALSE,"Copa América"
"25","1921-10-12","Brazil","Paraguay","Brazil","Ernesto Duarte Machado da Silva",44,FALSE,"Copa América"
"26","1921-10-12","Brazil","Paraguay","Brazil","Aníbal Médicis Candiota",46,FALSE,"Copa América"
"27","1921-10-23","Brazil","Uruguay","Brazil","José Carlos Guimarães",53,FALSE,"Copa América"
"28","1922-09-17","Brazil","Chile","Brazil","Altino Marcondes",9,FALSE,"Copa América"
"29","1922-09-24","Brazil","Paraguay","Brazil","Amílcar Barbuy",14,FALSE,"Copa América"
"30","1922-10-15","Brazil","Argentina","Brazil","Neco",42,FALSE,"Copa América"
"31","1922-10-15","Brazil","Argentina","Brazil","Amílcar Barbuy",86,TRUE,"Copa América"
"32","1922-11-06","Brazil","Paraguay","Brazil","Neco",11,FALSE,"Copa América"
"33","1922-11-06","Brazil","Paraguay","Brazil","Xavier Camargo",48,FALSE,"Copa América"
"34","1922-11-06","Brazil","Paraguay","Brazil","Xavier Camargo",89,FALSE,"Copa América"
"35","1923-11-18","Argentina","Brazil","Brazil","Nilo Braga",15,FALSE,"Copa América"
"36","1923-11-25","Uruguay","Brazil","Brazil","Nilo Braga",59,FALSE,"Copa América"
"37","1925-12-06","Brazil","Paraguay","Brazil","Anfilogino Marques",16,FALSE,"Copa América"
"38","1925-12-06","Brazil","Paraguay","Brazil","Arthur Friedenreich",18,FALSE,"Copa América"
"39","1925-12-06","Brazil","Paraguay","Brazil","Severino Da Silva",30,FALSE,"Copa América"
"40","1925-12-06","Brazil","Paraguay","Brazil","Severino Da Silva",52,FALSE,"Copa América"
"41","1925-12-06","Brazil","Paraguay","Brazil","Nilo Braga",72,FALSE,"Copa América"
"42","1925-12-13","Argentina","Brazil","Brazil","Nilo Braga",22,FALSE,"Copa América"
"43","1925-12-17","Brazil","Paraguay","Brazil","Nilo Braga",30,FALSE,"Copa América"
"44","1925-12-17","Brazil","Paraguay","Brazil","Severino Da Silva",57,FALSE,"Copa América"
"45","1925-12-17","Brazil","Paraguay","Brazil","Severino Da Silva",61,FALSE,"Copa América"
"46","1925-12-25","Argentina","Brazil","Brazil","Arthur Friedenreich",27,FALSE,"Copa América"
"47","1925-12-25","Argentina","Brazil","Brazil","Nilo Braga",30,FALSE,"Copa América"
"48","1930-07-14","Brazil","Yugoslavia","Brazil","Preguinho",62,FALSE,"FIFA World Cup"
"49","1930-07-20","Bolivia","Brazil","Brazil","Moderato Wisintainer",37,FALSE,"FIFA World Cup"
"50","1930-07-20","Bolivia","Brazil","Brazil","Preguinho",57,FALSE,"FIFA World Cup"
"51","1930-07-20","Bolivia","Brazil","Brazil","Moderato Wisintainer",73,FALSE,"FIFA World Cup"
"52","1930-07-20","Bolivia","Brazil","Brazil","Preguinho",83,FALSE,"FIFA World Cup"
"53","1934-05-27","Brazil","Spain","Brazil","Leônidas",55,FALSE,"FIFA World Cup"
"54","1936-12-27","Brazil","Peru","Brazil","Roberto Emílio da Cunha",7,FALSE,"Copa América"
"55","1936-12-27","Brazil","Peru","Brazil","Afonso Guimarães da Silva",30,FALSE,"Copa América"
"56","1936-12-27","Brazil","Peru","Brazil","Niginho",57,FALSE,"Copa América"
"57","1937-01-03","Brazil","Chile","Brazil","Patesko",2,FALSE,"Copa América"
"58","1937-01-03","Brazil","Chile","Brazil","Carvalho Leite",6,FALSE,"Copa América"
"59","1937-01-03","Brazil","Chile","Brazil","Patesko",26,FALSE,"Copa América"
"60","1937-01-03","Brazil","Chile","Brazil","Luíz Mesquita de Oliveira",35,FALSE,"Copa América"
"61","1937-01-03","Brazil","Chile","Brazil","Luíz Mesquita de Oliveira",40,FALSE,"Copa América"
"62","1937-01-03","Brazil","Chile","Brazil","Roberto Emílio da Cunha",68,FALSE,"Copa América"
"63","1937-01-13","Brazil","Paraguay","Brazil","Patesko",31,FALSE,"Copa América"
"64","1937-01-13","Brazil","Paraguay","Brazil","Luíz Mesquita de Oliveira",42,FALSE,"Copa América"
"65","1937-01-13","Brazil","Paraguay","Brazil","Luíz Mesquita de Oliveira",51,FALSE,"Copa América"
"66","1937-01-13","Brazil","Paraguay","Brazil","Carvalho Leite",59,FALSE,"Copa América"
"67","1937-01-13","Brazil","Paraguay","Brazil","Patesko",67,FALSE,"Copa América"
"68","1937-01-19","Brazil","Uruguay","Brazil","Carvalho Leite",36,FALSE,"Copa América"
"69","1937-01-19","Brazil","Uruguay","Brazil","Antônio Almeida",72,FALSE,"Copa América"
"70","1937-01-19","Brazil","Uruguay","Brazil","Niginho",77,FALSE,"Copa América"
"71","1938-06-05","Brazil","Poland","Brazil","Leônidas da Silva",18,FALSE,"Copa América"
"72","1938-06-05","Brazil","Poland","Brazil","Romeu Pellicciari",25,FALSE,"Copa América"
"73","1938-06-05","Brazil","Poland","Brazil","José Perácio",44,FALSE,"Copa América"
"74","1938-06-05","Brazil","Poland","Brazil","José Perácio",71,FALSE,"Copa América"
"75","1938-06-05","Brazil","Poland","Brazil","Leônidas da Silva",93,FALSE,"Copa América"
"76","1938-06-05","Brazil","Poland","Brazil","Leônidas da Silva",104,FALSE,"Copa América"
"77","1938-06-12","Brazil","Czechoslovakia","Brazil","Leônidas da Silva",30,FALSE,"Copa América"
"78","1938-06-14","Brazil","Czechoslovakia","Brazil","Leônidas da Silva",57,FALSE,"Copa América"
"79","1938-06-14","Brazil","Czechoslovakia","Brazil","Roberto Emílio da Cunha",62,FALSE,"Copa América"
"80","1938-06-16","Brazil","Italy","Brazil","Romeu Pellicciari",87,FALSE,"Copa América"
"81","1938-06-19","Brazil","Sweden","Brazil","Romeu Pellicciari",44,FALSE,"Copa América"
"82","1938-06-19","Brazil","Sweden","Brazil","Leônidas da Silva",63,FALSE,"Copa América"
"83","1938-06-19","Brazil","Sweden","Brazil","Leônidas da Silva",74,FALSE,"Copa América"
"84","1938-06-19","Brazil","Sweden","Brazil","José Perácio",80,FALSE,"Copa América"
"85","1942-01-14","Brazil","Chile","Brazil","Patesko",1,FALSE,"Copa América"
"86","1942-01-14","Brazil","Chile","Brazil","Sylvio Pirillo",23,FALSE,"Copa América"
"87","1942-01-14","Brazil","Chile","Brazil","Sylvio Pirillo",63,FALSE,"Copa América"
"88","1942-01-14","Brazil","Chile","Brazil","Cláudio Christovam de Pinho",66,FALSE,"Copa América"
"89","1942-01-14","Brazil","Chile","Brazil","Patesko",78,FALSE,"Copa América"
"90","1942-01-14","Brazil","Chile","Brazil","Sylvio Pirillo",86,FALSE,"Copa América"
"91","1942-01-17","Argentina","Brazil","Brazil","Servílio de Jesús",37,FALSE,"Copa América"
"92","1942-01-21","Brazil","Peru","Brazil","Pedro Amorim",43,FALSE,"Copa América"
"93","1942-01-21","Brazil","Peru","Brazil","Pedro Amorim",56,FALSE,"Copa América"
"94","1942-01-31","Brazil","Ecuador","Brazil","Elba de Padua Lima",10,FALSE,"Copa América"
"95","1942-01-31","Brazil","Ecuador","Brazil","Sylvio Pirillo",12,FALSE,"Copa América"
"96","1942-01-31","Brazil","Ecuador","Brazil","Sylvio Pirillo",29,FALSE,"Copa América"
"97","1942-01-31","Brazil","Ecuador","Brazil","Zizinho",60,FALSE,"Copa América"
"98","1942-01-31","Brazil","Ecuador","Brazil","Sylvio Pirillo",76,FALSE,"Copa América"
"99","1942-02-05","Brazil","Paraguay","Brazil","Zizinho",5,FALSE,"Copa América"
"100","1945-01-21","Brazil","Colombia","Brazil","Jorge Ceciliano",13,FALSE,"Copa América"
"101","1945-01-21","Brazil","Colombia","Brazil","Heleno de Freitas",15,FALSE,"Copa América"
"102","1945-01-21","Brazil","Colombia","Brazil","Jaime de Almeida",38,FALSE,"Copa América"
"103","1945-01-28","Bolivia","Brazil","Brazil","Ademir de Menezes",48,FALSE,"Copa América"
"104","1945-01-28","Bolivia","Brazil","Brazil","Tesourinha",80,FALSE,"Copa América"
"105","1945-02-07","Brazil","Uruguay","Brazil","Heleno de Freitas",8,FALSE,"Copa América"
"106","1945-02-07","Brazil","Uruguay","Brazil","Rui Campos",20,FALSE,"Copa América"
"107","1945-02-07","Brazil","Uruguay","Brazil","Heleno de Freitas",32,FALSE,"Copa América"
"108","1945-02-15","Argentina","Brazil","Brazil","Ademir de Menezes",32,FALSE,"Copa América"
"109","1945-02-21","Brazil","Ecuador","Brazil","Ademir de Menezes",3,FALSE,"Copa América"
"110","1945-02-21","Brazil","Ecuador","Brazil","Ademir de Menezes",10,FALSE,"Copa América"
"111","1945-02-21","Brazil","Ecuador","Brazil","Heleno de Freitas",22,FALSE,"Copa América"
"112","1945-02-21","Brazil","Ecuador","Brazil","Heleno de Freitas",28,FALSE,"Copa América"
"113","1945-02-21","Brazil","Ecuador","Brazil","Zizinho",40,FALSE,"Copa América"
"114","1945-02-21","Brazil","Ecuador","Brazil","Zizinho",65,FALSE,"Copa América"
"115","1945-02-21","Brazil","Ecuador","Brazil","Jair",67,FALSE,"Copa América"
"116","1945-02-21","Brazil","Ecuador","Brazil","Jair",68,FALSE,"Copa América"
"117","1945-02-21","Brazil","Ecuador","Brazil","Ademir de Menezes",75,FALSE,"Copa América"
"118","1945-02-28","Chile","Brazil","Brazil","Heleno de Freitas",20,FALSE,"Copa América"
"119","1946-01-16","Bolivia","Brazil","Brazil","Heleno de Freitas",47,FALSE,"Copa América"
"120","1946-01-16","Bolivia","Brazil","Brazil","Zizinho",65,FALSE,"Copa América"
"121","1946-01-16","Bolivia","Brazil","Brazil","Heleno de Freitas",78,FALSE,"Copa América"
"122","1946-01-23","Brazil","Uruguay","Brazil","Jair",1,FALSE,"Copa América"
"123","1946-01-23","Brazil","Uruguay","Brazil","Jair",16,FALSE,"Copa América"
"124","1946-01-23","Brazil","Uruguay","Brazil","Heleno de Freitas",39,FALSE,"Copa América"
"125","1946-01-23","Brazil","Uruguay","Brazil","Chico",44,FALSE,"Copa América"
"126","1946-01-29","Brazil","Paraguay","Brazil","Norival Pereira Da Silva",63,FALSE,"Copa América"
"127","1946-02-03","Brazil","Chile","Brazil","Zizinho",4,FALSE,"Copa América"
"128","1946-02-03","Brazil","Chile","Brazil","Zizinho",41,FALSE,"Copa América"
"129","1946-02-03","Brazil","Chile","Brazil","Zizinho",46,FALSE,"Copa América"
"130","1946-02-03","Brazil","Chile","Brazil","Zizinho",71,FALSE,"Copa América"
"131","1946-02-03","Brazil","Chile","Brazil","Chico",89,FALSE,"Copa América"
"132","1949-04-03","Brazil","Ecuador","Brazil","Tesourinha",3,FALSE,"Copa América"
"133","1949-04-03","Brazil","Ecuador","Brazil","Octavio Sergio da Costa",10,FALSE,"Copa América"
"134","1949-04-03","Brazil","Ecuador","Brazil","Jair",13,FALSE,"Copa América"
"135","1949-04-03","Brazil","Ecuador","Brazil","Simão",16,FALSE,"Copa América"
"136","1949-04-03","Brazil","Ecuador","Brazil","Simão",25,FALSE,"Copa América"
"137","1949-04-03","Brazil","Ecuador","Brazil","Jair",35,FALSE,"Copa América"
"138","1949-04-03","Brazil","Ecuador","Brazil","Tesourinha",42,FALSE,"Copa América"
"139","1949-04-03","Brazil","Ecuador","Brazil","Zizinho",67,FALSE,"Copa América"
"140","1949-04-03","Brazil","Ecuador","Brazil","Ademir de Menezes",88,FALSE,"Copa América"
"141","1949-04-10","Brazil","Bolivia","Brazil","Nininho",16,FALSE,"Copa América"
"142","1949-04-10","Brazil","Bolivia","Brazil","Jair",17,FALSE,"Copa América"
"143","1949-04-10","Brazil","Bolivia","Brazil","Zizinho",25,FALSE,"Copa América"
"144","1949-04-10","Brazil","Bolivia","Brazil","Nininho",39,FALSE,"Copa América"
"145","1949-04-10","Brazil","Bolivia","Brazil","Cláudio Christovam de Pinho",49,FALSE,"Copa América"
"146","1949-04-10","Brazil","Bolivia","Brazil","Simão",71,FALSE,"Copa América"
"147","1949-04-10","Brazil","Bolivia","Brazil","Simão",79,FALSE,"Copa América"
"148","1949-04-10","Brazil","Bolivia","Brazil","Zizinho",80,FALSE,"Copa América"
"149","1949-04-10","Brazil","Bolivia","Brazil","Cláudio Christovam de Pinho",84,FALSE,"Copa América"
"150","1949-04-10","Brazil","Bolivia","Brazil","Nininho",86,FALSE,"Copa América"
"151","1949-04-13","Brazil","Chile","Brazil","Zizinho",20,FALSE,"Copa América"
"152","1949-04-13","Brazil","Chile","Brazil","Cláudio Christovam de Pinho",49,TRUE,"Copa América"
"153","1949-04-17","Brazil","Colombia","Brazil","Tesourinha",20,FALSE,"Copa América"
"154","1949-04-17","Brazil","Colombia","Brazil","Millón Medeiros",24,TRUE,"Copa América"
"155","1949-04-17","Brazil","Colombia","Brazil","Orlando de Azevedo Viarina",44,FALSE,"Copa América"
"156","1949-04-17","Brazil","Colombia","Brazil","Ademir de Menezes",47,FALSE,"Copa América"
"157","1949-04-17","Brazil","Colombia","Brazil","Ademir de Menezes",87,FALSE,"Copa América"
"159","1949-04-24","Brazil","Peru","Brazil","Augusto da Costa",15,FALSE,"Copa América"
"160","1949-04-24","Brazil","Peru","Brazil","Jair",17,FALSE,"Copa América"
"161","1949-04-24","Brazil","Peru","Brazil","Jair",20,FALSE,"Copa América"
"162","1949-04-24","Brazil","Peru","Brazil","Simão",54,FALSE,"Copa América"
"163","1949-04-24","Brazil","Peru","Brazil","Ademir de Menezes",82,FALSE,"Copa América"
"164","1949-04-24","Brazil","Peru","Brazil","Orlando de Azevedo Viarina",88,FALSE,"Copa América"
"165","1949-04-30","Brazil","Uruguay","Brazil","Jair",15,FALSE,"Copa América"
"166","1949-04-30","Brazil","Uruguay","Brazil","Zizinho",24,FALSE,"Copa América"
"167","1949-04-30","Brazil","Uruguay","Brazil","Jair",40,TRUE,"Copa América"
"168","1949-04-30","Brazil","Uruguay","Brazil","Danilo Alvim",79,FALSE,"Copa América"
"169","1949-04-30","Brazil","Uruguay","Brazil","Tesourinha",89,TRUE,"Copa América"
"170","1949-05-08","Brazil","Paraguay","Brazil","Tesourinha",33,FALSE,"Copa América"
"171","1949-05-11","Brazil","Paraguay","Brazil","Ademir de Menezes",17,FALSE,"Copa América"
"172","1949-05-11","Brazil","Paraguay","Brazil","Ademir de Menezes",27,FALSE,"Copa América"
"173","1949-05-11","Brazil","Paraguay","Brazil","Tesourinha",43,FALSE,"Copa América"
"174","1949-05-11","Brazil","Paraguay","Brazil","Ademir de Menezes",48,FALSE,"Copa América"
"175","1949-05-11","Brazil","Paraguay","Brazil","Tesourinha",70,FALSE,"Copa América"
"176","1949-05-11","Brazil","Paraguay","Brazil","Jair",72,FALSE,"Copa América"
"177","1949-05-11","Brazil","Paraguay","Brazil","Jair",89,FALSE,"Copa América"
"178","1950-06-24","Brazil","Mexico","Brazil","Ademir de Menezes",30,FALSE,"FIFA World Cup"
"179","1950-06-24","Brazil","Mexico","Brazil","Jair",65,FALSE,"FIFA World Cup"
"180","1950-06-24","Brazil","Mexico","Brazil","Baltazar",71,FALSE,"FIFA World Cup"
"181","1950-06-24","Brazil","Mexico","Brazil","Ademir de Menezes",79,FALSE,"FIFA World Cup"
"182","1950-06-28","Brazil","Switzerland","Brazil","Alfredo dos Santos",3,FALSE,"FIFA World Cup"
"183","1950-06-28","Brazil","Switzerland","Brazil","Baltazar",32,FALSE,"FIFA World Cup"
"184","1950-07-01","Brazil","Yugoslavia","Brazil","Ademir de Menezes",4,FALSE,"FIFA World Cup"
"185","1950-07-01","Brazil","Yugoslavia","Brazil","Thomaz Soares da Silva",69,FALSE,"FIFA World Cup"
"186","1950-07-09","Brazil","Sweden","Brazil","Ademir de Menezes",17,FALSE,"FIFA World Cup"
"187","1950-07-09","Brazil","Sweden","Brazil","Ademir de Menezes",36,FALSE,"FIFA World Cup"
"188","1950-07-09","Brazil","Sweden","Brazil","Chico",39,FALSE,"FIFA World Cup"
"189","1950-07-09","Brazil","Sweden","Brazil","Ademir de Menezes",52,FALSE,"FIFA World Cup"
"190","1950-07-09","Brazil","Sweden","Brazil","Ademir de Menezes",58,FALSE,"FIFA World Cup"
"191","1950-07-09","Brazil","Sweden","Brazil","Maneca",85,FALSE,"FIFA World Cup"
"192","1950-07-09","Brazil","Sweden","Brazil","Chico",88,FALSE,"FIFA World Cup"
"193","1950-07-13","Brazil","Spain","Brazil","Ademir de Menezes",15,FALSE,"FIFA World Cup"
"194","1950-07-13","Brazil","Spain","Brazil","Jair",21,FALSE,"FIFA World Cup"
"195","1950-07-13","Brazil","Spain","Brazil","Chico",31,FALSE,"FIFA World Cup"
"196","1950-07-13","Brazil","Spain","Brazil","Chico",55,FALSE,"FIFA World Cup"
"197","1950-07-13","Brazil","Spain","Brazil","Ademir de Menezes",57,FALSE,"FIFA World Cup"
"198","1950-07-13","Brazil","Spain","Brazil","Thomaz Soares da Silva",67,FALSE,"FIFA World Cup"
"199","1950-07-16","Brazil","Uruguay","Brazil","Friaça",47,FALSE,"FIFA World Cup"
"200","1953-03-01","Bolivia","Brazil","Brazil","Júlio Botelho",18,FALSE,"Copa América"
"201","1953-03-01","Bolivia","Brazil","Brazil","Júlio Botelho",20,FALSE,"Copa América"
"202","1953-03-01","Bolivia","Brazil","Brazil","Francisco Rodrigues",25,FALSE,"Copa América"
"203","1953-03-01","Bolivia","Brazil","Brazil","Pinga",39,FALSE,"Copa América"
"204","1953-03-01","Bolivia","Brazil","Brazil","Júlio Botelho",42,FALSE,"Copa América"
"205","1953-03-01","Bolivia","Brazil","Brazil","Francisco Rodrigues",44,FALSE,"Copa América"
"206","1953-03-01","Bolivia","Brazil","Brazil","Júlio Botelho",52,FALSE,"Copa América"
"207","1953-03-01","Bolivia","Brazil","Brazil","Pinga",60,FALSE,"Copa América"
"208","1953-03-12","Brazil","Ecuador","Brazil","Ademir de Menezes",18,FALSE,"Copa América"
"209","1953-03-12","Brazil","Ecuador","Brazil","Cláudio Christovam de Pinho",55,FALSE,"Copa América"
"210","1953-03-15","Brazil","Uruguay","Brazil","Ipojucan Lins de Araújo",87,FALSE,"Copa América"
"211","1953-03-23","Brazil","Chile","Brazil","Júlio Botelho",1,FALSE,"Copa América"
"212","1953-03-23","Brazil","Chile","Brazil","Zizinho",53,FALSE,"Copa América"
"213","1953-03-23","Brazil","Chile","Brazil","Baltazar",70,FALSE,"Copa América"
"214","1953-03-27","Brazil","Paraguay","Brazil","Nílton Santos",12,FALSE,"Copa América"
"215","1953-04-01","Brazil","Paraguay","Brazil","Baltazar",56,FALSE,"Copa América"
"216","1953-04-01","Brazil","Paraguay","Brazil","Baltazar",65,FALSE,"Copa América"
"217","1954-02-28","Chile","Brazil","Brazil","Baltazar",38,FALSE,"FIFA World Cup qualification"
"218","1954-02-28","Chile","Brazil","Brazil","Baltazar",63,FALSE,"FIFA World Cup qualification"
"219","1954-03-07","Paraguay","Brazil","Brazil","Baltazar",52,FALSE,"FIFA World Cup qualification"
"220","1954-03-14","Brazil","Chile","Brazil","Baltazar",35,FALSE,"FIFA World Cup qualification"
"221","1954-03-21","Brazil","Paraguay","Brazil","Júlio Botelho",60,FALSE,"FIFA World Cup qualification"
"222","1954-03-21","Brazil","Paraguay","Brazil","Baltazar",62,FALSE,"FIFA World Cup qualification"
"223","1954-03-21","Brazil","Paraguay","Brazil","Júlio Botelho",85,FALSE,"FIFA World Cup qualification"
"224","1954-03-21","Brazil","Paraguay","Brazil","Maurinho",90,FALSE,"FIFA World Cup qualification"
"225","1954-06-16","Brazil","Mexico","Brazil","Baltazar",23,FALSE,"FIFA World Cup"
"226","1954-06-16","Brazil","Mexico","Brazil","Didi",30,FALSE,"FIFA World Cup"
"227","1954-06-16","Brazil","Mexico","Brazil","Pinga",34,FALSE,"FIFA World Cup"
"228","1954-06-16","Brazil","Mexico","Brazil","Pinga",43,FALSE,"FIFA World Cup"
"229","1954-06-16","Brazil","Mexico","Brazil","Julinho",69,FALSE,"FIFA World Cup"
"230","1954-06-19","Brazil","Yugoslavia","Brazil","Didi",69,FALSE,"FIFA World Cup"
"231","1954-06-27","Brazil","Hungary","Brazil","Djalma Santos",18,TRUE,"FIFA World Cup"
"232","1954-06-27","Brazil","Hungary","Brazil","Júlio Botelho",65,FALSE,"FIFA World Cup"
"233","1956-01-24","Brazil","Chile","Brazil","Maurinho",38,FALSE,"Copa América"
"234","1956-02-01","Brazil","Peru","Brazil","Alvaro José Rodrigues Valente",10,FALSE,"Copa América"
"235","1956-02-01","Brazil","Peru","Brazil","Moysés Ferreira Alves",80,FALSE,"Copa América"
"236","1956-02-05","Argentina","Brazil","Brazil","Luís Trochillo",88,FALSE,"Copa América"
"237","1957-03-13","Brazil","Chile","Brazil","Didi",20,FALSE,"Copa América"
"238","1957-03-13","Brazil","Chile","Brazil","Didi",26,FALSE,"Copa América"
"239","1957-03-13","Brazil","Chile","Brazil","Didi",44,FALSE,"Copa América"
"240","1957-03-13","Brazil","Chile","Brazil","José Macia",46,FALSE,"Copa América"
"241","1957-03-21","Brazil","Ecuador","Brazil","Evaristo de Macedo",22,FALSE,"Copa América"
"242","1957-03-21","Brazil","Ecuador","Brazil","José Macia",25,FALSE,"Copa América"
"243","1957-03-21","Brazil","Ecuador","Brazil","Zizinho",34,TRUE,"Copa América"
"244","1957-03-21","Brazil","Ecuador","Brazil","Joel Antônio Martins",43,FALSE,"Copa América"
"245","1957-03-21","Brazil","Ecuador","Brazil","Joel Antônio Martins",68,FALSE,"Copa América"
"246","1957-03-21","Brazil","Ecuador","Brazil","Didi",78,FALSE,"Copa América"
"247","1957-03-21","Brazil","Ecuador","Brazil","Evaristo de Macedo",89,FALSE,"Copa América"
"248","1957-03-24","Brazil","Colombia","Brazil","José Macia",27,FALSE,"Copa América"
"249","1957-03-24","Brazil","Colombia","Brazil","Evaristo de Macedo",41,FALSE,"Copa América"
"250","1957-03-24","Brazil","Colombia","Brazil","Evaristo de Macedo",44,FALSE,"Copa América"
"251","1957-03-24","Brazil","Colombia","Brazil","Evaristo de Macedo",45,FALSE,"Copa América"
"252","1957-03-24","Brazil","Colombia","Brazil","Didi",50,FALSE,"Copa América"
"253","1957-03-24","Brazil","Colombia","Brazil","Didi",60,FALSE,"Copa América"
"254","1957-03-24","Brazil","Colombia","Brazil","Evaristo de Macedo",75,FALSE,"Copa América"
"255","1957-03-24","Brazil","Colombia","Brazil","Zizinho",85,FALSE,"Copa América"
"256","1957-03-24","Brazil","Colombia","Brazil","Evaristo de Macedo",86,FALSE,"Copa América"
"257","1957-03-28","Brazil","Uruguay","Brazil","Evaristo de Macedo",68,FALSE,"Copa América"
"258","1957-03-28","Brazil","Uruguay","Brazil","Didi",70,FALSE,"Copa América"
"259","1957-03-31","Peru","Brazil","Brazil","Didi",73,TRUE,"Copa América"
"260","1957-04-13","Peru","Brazil","Brazil","Aluísio Francisco da Luz",47,FALSE,"FIFA World Cup qualification"
"261","1957-04-21","Brazil","Peru","Brazil","Valdir Pereira",11,FALSE,"FIFA World Cup qualification"
"262","1958-06-08","Austria","Brazil","Brazil","José Altafini",37,FALSE,"FIFA World Cup"
"263","1958-06-08","Austria","Brazil","Brazil","Nílton Santos",50,FALSE,"FIFA World Cup"
"264","1958-06-08","Austria","Brazil","Brazil","José Altafini",85,FALSE,"FIFA World Cup"
"265","1958-06-15","Brazil","Russia","Brazil","Vavá",3,FALSE,"FIFA World Cup"
"266","1958-06-15","Brazil","Russia","Brazil","Vavá",77,FALSE,"FIFA World Cup"
"267","1958-06-19","Brazil","Wales","Brazil","Pelé",66,FALSE,"FIFA World Cup"
"268","1958-06-24","Brazil","France","Brazil","Vavá",2,FALSE,"FIFA World Cup"
"269","1958-06-24","Brazil","France","Brazil","Didi",39,FALSE,"FIFA World Cup"
"270","1958-06-24","Brazil","France","Brazil","Pelé",52,FALSE,"FIFA World Cup"
"271","1958-06-24","Brazil","France","Brazil","Pelé",64,FALSE,"FIFA World Cup"
"272","1958-06-24","Brazil","France","Brazil","Pelé",75,FALSE,"FIFA World Cup"
"273","1958-06-29","Sweden","Brazil","Brazil","Vavá",9,FALSE,"FIFA World Cup"
"274","1958-06-29","Sweden","Brazil","Brazil","Vavá",32,FALSE,"FIFA World Cup"
"275","1958-06-29","Sweden","Brazil","Brazil","Pelé",55,FALSE,"FIFA World Cup"
"276","1958-06-29","Sweden","Brazil","Brazil","Mário Zagallo",68,FALSE,"FIFA World Cup"
"277","1958-06-29","Sweden","Brazil","Brazil","Pelé",90,FALSE,"FIFA World Cup"
"278","1959-03-10","Brazil","Peru","Brazil","Didi",24,FALSE,"Copa América"
"279","1959-03-10","Brazil","Peru","Brazil","Pelé",48,FALSE,"Copa América"
"280","1959-03-15","Brazil","Chile","Brazil","Pelé",43,FALSE,"Copa América"
"281","1959-03-15","Brazil","Chile","Brazil","Pelé",45,FALSE,"Copa América"
"282","1959-03-15","Brazil","Chile","Brazil","Didi",89,FALSE,"Copa América"
"283","1959-03-21","Bolivia","Brazil","Brazil","Pelé",16,FALSE,"Copa América"
"284","1959-03-21","Bolivia","Brazil","Brazil","Paulo Valentim",18,FALSE,"Copa América"
"285","1959-03-21","Bolivia","Brazil","Brazil","Paulo Valentim",26,FALSE,"Copa América"
"286","1959-03-21","Bolivia","Brazil","Brazil","Didi",89,FALSE,"Copa América"
"287","1959-03-26","Brazil","Uruguay","Brazil","Paulo Valentim",62,FALSE,"Copa América"
"288","1959-03-26","Brazil","Uruguay","Brazil","Paulo Valentim",80,FALSE,"Copa América"
"289","1959-03-26","Brazil","Uruguay","Brazil","Paulo Valentim",89,FALSE,"Copa América"
"290","1959-03-29","Brazil","Paraguay","Brazil","Pelé",25,FALSE,"Copa América"
"291","1959-03-29","Brazil","Paraguay","Brazil","Pelé",31,FALSE,"Copa América"
"292","1959-03-29","Brazil","Paraguay","Brazil","Chinesinho",35,FALSE,"Copa América"
"293","1959-03-29","Brazil","Paraguay","Brazil","Pelé",63,FALSE,"Copa América"
"294","1959-04-04","Argentina","Brazil","Brazil","Pelé",58,FALSE,"Copa América"
"295","1959-12-05","Brazil","Paraguay","Brazil","Paulo Pisaneschi",25,FALSE,"Copa América"
"296","1959-12-05","Brazil","Paraguay","Brazil","Paulo Pisaneschi",39,FALSE,"Copa América"
"297","1959-12-05","Brazil","Paraguay","Brazil","Paulo Pisaneschi",55,FALSE,"Copa América"
"298","1959-12-19","Ecuador","Brazil","Brazil","Paulo Pisaneschi",23,FALSE,"Copa América"
"299","1959-12-19","Ecuador","Brazil","Brazil","Geraldo José da Silva",42,FALSE,"Copa América"
"300","1959-12-19","Ecuador","Brazil","Brazil","Zé de Mello",45,FALSE,"Copa América"
"301","1959-12-22","Argentina","Brazil","Brazil","Geraldo José da Silva",64,FALSE,"Copa América"
"302","1962-05-30","Brazil","Mexico","Brazil","Mário Zagallo",56,FALSE,"FIFA World Cup"
"303","1962-05-30","Brazil","Mexico","Brazil","Pelé",73,FALSE,"FIFA World Cup"
"304","1962-06-06","Brazil","Spain","Brazil","Amarildo Tavares da Silveira",72,FALSE,"FIFA World Cup"
"305","1962-06-06","Brazil","Spain","Brazil","Amarildo Tavares da Silveira",86,FALSE,"FIFA World Cup"
"306","1962-06-10","Brazil","England","Brazil","Garrincha",31,FALSE,"FIFA World Cup"
"307","1962-06-10","Brazil","England","Brazil","Vavá",53,FALSE,"FIFA World Cup"
"308","1962-06-10","Brazil","England","Brazil","Garrincha",59,FALSE,"FIFA World Cup"
"309","1962-06-13","Chile","Brazil","Brazil","Garrincha",9,FALSE,"FIFA World Cup"
"310","1962-06-13","Chile","Brazil","Brazil","Garrincha",32,FALSE,"FIFA World Cup"
"311","1962-06-13","Chile","Brazil","Brazil","Vavá",47,FALSE,"FIFA World Cup"
"312","1962-06-13","Chile","Brazil","Brazil","Vavá",78,FALSE,"FIFA World Cup"
"313","1962-06-17","Brazil","Czechoslovakia","Brazil","Amarildo Tavares da Silveira",17,FALSE,"FIFA World Cup"
"314","1962-06-17","Brazil","Czechoslovakia","Brazil","Zito",69,FALSE,"FIFA World Cup"
"315","1962-06-17","Brazil","Czechoslovakia","Brazil","Vavá",78,FALSE,"FIFA World Cup"
"316","1963-03-10","Brazil","Peru","Brazil","Flávio Minuano",16,FALSE,"Copa América"
"317","1963-03-14","Brazil","Colombia","Brazil","Flávio Minuano",7,FALSE,"Copa América"
"318","1963-03-14","Brazil","Colombia","Brazil","Marco Antônio García Alves",31,FALSE,"Copa América"
"319","1963-03-14","Brazil","Colombia","Brazil","Oswaldo Taurisano",56,FALSE,"Copa América"
"320","1963-03-14","Brazil","Colombia","Brazil","Flávio Minuano",82,FALSE,"Copa América"
"321","1963-03-14","Brazil","Colombia","Brazil","Fernando Consul",83,FALSE,"Copa América"
"322","1963-03-27","Brazil","Ecuador","Brazil","Oswaldo Taurisano",5,FALSE,"Copa América"
"323","1963-03-27","Brazil","Ecuador","Brazil","Oswaldo Taurisano",60,FALSE,"Copa América"
"324","1963-03-31","Bolivia","Brazil","Brazil","Marco Antônio García Alves",26,FALSE,"Copa América"
"325","1963-03-31","Bolivia","Brazil","Brazil","Almir Da Silva",28,FALSE,"Copa América"
"326","1963-03-31","Bolivia","Brazil","Brazil","Flávio Minuano",63,FALSE,"Copa América"
"327","1963-03-31","Bolivia","Brazil","Brazil","Flávio Minuano",66,FALSE,"Copa América"
"328","1966-07-12","Brazil","Bulgaria","Brazil","Pelé",15,FALSE,"FIFA World Cup"
"329","1966-07-12","Brazil","Bulgaria","Brazil","Garrincha",63,FALSE,"FIFA World Cup"
"330","1966-07-15","Brazil","Hungary","Brazil","Tostão",14,FALSE,"FIFA World Cup"
"331","1966-07-19","Brazil","Portugal","Brazil","Rildo da Costa Menezes",73,FALSE,"FIFA World Cup"
"332","1969-08-06","Colombia","Brazil","Brazil","Tostão",37,FALSE,"FIFA World Cup qualification"
"333","1969-08-06","Colombia","Brazil","Brazil","Tostão",44,FALSE,"FIFA World Cup qualification"
"334","1969-08-10","Venezuela","Brazil","Brazil","Tostão",60,FALSE,"FIFA World Cup qualification"
"335","1969-08-10","Venezuela","Brazil","Brazil","Pelé",71,FALSE,"FIFA World Cup qualification"
"336","1969-08-10","Venezuela","Brazil","Brazil","Tostão",72,FALSE,"FIFA World Cup qualification"
"337","1969-08-10","Venezuela","Brazil","Brazil","Tostão",74,FALSE,"FIFA World Cup qualification"
"338","1969-08-10","Venezuela","Brazil","Brazil","Pelé",75,FALSE,"FIFA World Cup qualification"
"340","1969-08-17","Paraguay","Brazil","Brazil","Jairzinho",81,FALSE,"FIFA World Cup qualification"
"341","1969-08-17","Paraguay","Brazil","Brazil","Eduardo Antunes Coimbra",90,FALSE,"FIFA World Cup qualification"
"342","1969-08-21","Brazil","Colombia","Brazil","Tostão",15,FALSE,"FIFA World Cup qualification"
"343","1969-08-21","Brazil","Colombia","Brazil","Tostão",40,FALSE,"FIFA World Cup qualification"
"344","1969-08-21","Brazil","Colombia","Brazil","Eduardo Antunes Coimbra",48,FALSE,"FIFA World Cup qualification"
"345","1969-08-21","Brazil","Colombia","Brazil","Pelé",60,FALSE,"FIFA World Cup qualification"
"346","1969-08-21","Brazil","Colombia","Brazil","Rivellino",86,FALSE,"FIFA World Cup qualification"
"347","1969-08-21","Brazil","Colombia","Brazil","Jairzinho",88,FALSE,"FIFA World Cup qualification"
"348","1969-08-24","Brazil","Venezuela","Brazil","Tostão",3,FALSE,"FIFA World Cup qualification"
"349","1969-08-24","Brazil","Venezuela","Brazil","Tostão",22,FALSE,"FIFA World Cup qualification"
"350","1969-08-24","Brazil","Venezuela","Brazil","Tostão",24,FALSE,"FIFA World Cup qualification"
"351","1969-08-24","Brazil","Venezuela","Brazil","Jairzinho",30,FALSE,"FIFA World Cup qualification"
"352","1969-08-24","Brazil","Venezuela","Brazil","Pelé",45,FALSE,"FIFA World Cup qualification"
"353","1969-08-24","Brazil","Venezuela","Brazil","Pelé",69,FALSE,"FIFA World Cup qualification"
"354","1969-08-31","Brazil","Paraguay","Brazil","Pelé",68,FALSE,"FIFA World Cup qualification"
"355","1970-06-03","Brazil","Czechoslovakia","Brazil","Rivellino",24,FALSE,"FIFA World Cup"
"356","1970-06-03","Brazil","Czechoslovakia","Brazil","Pelé",59,FALSE,"FIFA World Cup"
"357","1970-06-03","Brazil","Czechoslovakia","Brazil","Jairzinho",61,FALSE,"FIFA World Cup"
"358","1970-06-03","Brazil","Czechoslovakia","Brazil","Jairzinho",83,FALSE,"FIFA World Cup"
"359","1970-06-07","Brazil","England","Brazil","Jairzinho",59,FALSE,"FIFA World Cup"
"360","1970-06-10","Brazil","Romania","Brazil","Pelé",19,FALSE,"FIFA World Cup"
"361","1970-06-10","Brazil","Romania","Brazil","Jairzinho",22,FALSE,"FIFA World Cup"
"362","1970-06-10","Brazil","Romania","Brazil","Pelé",67,FALSE,"FIFA World Cup"
"363","1970-06-14","Brazil","Peru","Brazil","Rivellino",11,FALSE,"FIFA World Cup"
"364","1970-06-14","Brazil","Peru","Brazil","Tostão",15,FALSE,"FIFA World Cup"
"365","1970-06-14","Brazil","Peru","Brazil","Tostão",52,FALSE,"FIFA World Cup"
"366","1970-06-14","Brazil","Peru","Brazil","Jairzinho",75,FALSE,"FIFA World Cup"
"367","1970-06-17","Brazil","Uruguay","Brazil","Clodoaldo",44,FALSE,"FIFA World Cup"
"368","1970-06-17","Brazil","Uruguay","Brazil","Jairzinho",76,FALSE,"FIFA World Cup"
"369","1970-06-17","Brazil","Uruguay","Brazil","Rivellino",89,FALSE,"FIFA World Cup"
"370","1970-06-21","Brazil","Italy","Brazil","Pelé",18,FALSE,"FIFA World Cup"
"371","1970-06-21","Brazil","Italy","Brazil","Gérson",65,FALSE,"FIFA World Cup"
"372","1970-06-21","Brazil","Italy","Brazil","Jairzinho",71,FALSE,"FIFA World Cup"
"373","1970-06-21","Brazil","Italy","Brazil","Carlos Alberto Torres",86,FALSE,"FIFA World Cup"
"374","1974-06-22","DR Congo","Brazil","Brazil","Jairzinho",12,FALSE,"FIFA World Cup"
"375","1974-06-22","DR Congo","Brazil","Brazil","Rivellino",66,FALSE,"FIFA World Cup"
"376","1974-06-22","DR Congo","Brazil","Brazil","Valdomiro Vaz Franco",79,FALSE,"FIFA World Cup"
"377","1974-06-26","Brazil","German DR","Brazil","Rivellino",60,FALSE,"FIFA World Cup"
"378","1974-06-30","Argentina","Brazil","Brazil","Rivellino",32,FALSE,"FIFA World Cup"
"379","1974-06-30","Argentina","Brazil","Brazil","Jairzinho",49,FALSE,"FIFA World Cup"
"380","1975-07-31","Venezuela","Brazil","Brazil","Romeu Evangelista",2,FALSE,"Copa América"
"381","1975-07-31","Venezuela","Brazil","Brazil","Danival",50,FALSE,"Copa América"
"382","1975-07-31","Venezuela","Brazil","Brazil","Palhinha",82,FALSE,"Copa América"
"383","1975-07-31","Venezuela","Brazil","Brazil","Palhinha",88,FALSE,"Copa América"
"384","1975-08-06","Brazil","Argentina","Brazil","Nelinho",31,FALSE,"Copa América"
"385","1975-08-06","Brazil","Argentina","Brazil","Nelinho",55,TRUE,"Copa América"
"386","1975-08-13","Brazil","Venezuela","Brazil","Roberto Batata",6,FALSE,"Copa América"
"387","1975-08-13","Brazil","Venezuela","Brazil","Nelinho",9,FALSE,"Copa América"
"388","1975-08-13","Brazil","Venezuela","Brazil","Danival",37,FALSE,"Copa América"
"389","1975-08-13","Brazil","Venezuela","Brazil","Cosme da Silva Campos",53,FALSE,"Copa América"
"390","1975-08-13","Brazil","Venezuela","Brazil","Palhinha",65,FALSE,"Copa América"
"391","1975-08-13","Brazil","Venezuela","Brazil","Roberto Batata",79,FALSE,"Copa América"
"392","1975-08-16","Argentina","Brazil","Brazil","Danival",45,FALSE,"Copa América"
"393","1975-09-30","Brazil","Peru","Brazil","Roberto Batata",54,FALSE,"Copa América"
"395","1975-10-04","Peru","Brazil","Brazil","Cosme da Silva Campos",61,FALSE,"Copa América"
"396","1977-03-09","Brazil","Colombia","Brazil","Roberto Dinamite",15,FALSE,"FIFA World Cup qualification"
"397","1977-03-09","Brazil","Colombia","Brazil","Zico",25,FALSE,"FIFA World Cup qualification"
"398","1977-03-09","Brazil","Colombia","Brazil","Roberto Dinamite",31,FALSE,"FIFA World Cup qualification"
"399","1977-03-09","Brazil","Colombia","Brazil","Marinho Chagas",41,FALSE,"FIFA World Cup qualification"
"400","1977-03-09","Brazil","Colombia","Brazil","Marinho Chagas",55,FALSE,"FIFA World Cup qualification"
"401","1977-03-09","Brazil","Colombia","Brazil","Roberto Rivellino",85,FALSE,"FIFA World Cup qualification"
"403","1977-03-20","Brazil","Paraguay","Brazil","Roberto Dinamite",6,TRUE,"FIFA World Cup qualification"
"404","1977-07-10","Peru","Brazil","Brazil","Gilberto Alves",53,FALSE,"FIFA World Cup qualification"
"405","1977-07-14","Brazil","Bolivia","Brazil","Zico",5,FALSE,"FIFA World Cup qualification"
"406","1977-07-14","Brazil","Bolivia","Brazil","Zico",10,FALSE,"FIFA World Cup qualification"
"407","1977-07-14","Brazil","Bolivia","Brazil","Roberto Dinamite",22,FALSE,"FIFA World Cup qualification"
"408","1977-07-14","Brazil","Bolivia","Brazil","Zico",27,TRUE,"FIFA World Cup qualification"
"409","1977-07-14","Brazil","Bolivia","Brazil","Gilberto Alves",54,FALSE,"FIFA World Cup qualification"
"410","1977-07-14","Brazil","Bolivia","Brazil","Zico",60,FALSE,"FIFA World Cup qualification"
"411","1977-07-14","Brazil","Bolivia","Brazil","Toninho Cerezo",70,FALSE,"FIFA World Cup qualification"
"412","1977-07-14","Brazil","Bolivia","Brazil","Marcelo Oliveira",89,FALSE,"FIFA World Cup qualification"
"413","1978-06-03","Brazil","Sweden","Brazil","José Reinaldo de Lima",45,FALSE,"FIFA World Cup"
"414","1978-06-11","Austria","Brazil","Brazil","Roberto Dinamite",40,FALSE,"FIFA World Cup"
"415","1978-06-14","Brazil","Peru","Brazil","Dirceu",15,FALSE,"FIFA World Cup"
"416","1978-06-14","Brazil","Peru","Brazil","Dirceu",27,FALSE,"FIFA World Cup"
"417","1978-06-14","Brazil","Peru","Brazil","Zico",72,TRUE,"FIFA World Cup"
"418","1978-06-21","Brazil","Poland","Brazil","Nelinho",13,FALSE,"FIFA World Cup"
"419","1978-06-21","Brazil","Poland","Brazil","Roberto Dinamite",58,FALSE,"FIFA World Cup"
"420","1978-06-21","Brazil","Poland","Brazil","Roberto Dinamite",63,FALSE,"FIFA World Cup"
"421","1978-06-24","Brazil","Italy","Brazil","Nelinho",64,FALSE,"FIFA World Cup"
"422","1978-06-24","Brazil","Italy","Brazil","Dirceu",71,FALSE,"FIFA World Cup"
"423","1979-07-26","Bolivia","Brazil","Brazil","Roberto Dinamite",30,TRUE,"Copa América"
"424","1979-08-02","Brazil","Argentina","Brazil","Zico",2,FALSE,"Copa América"
"425","1979-08-02","Brazil","Argentina","Brazil","Tita",54,FALSE,"Copa América"
"426","1979-08-16","Brazil","Bolivia","Brazil","Tita",46,FALSE,"Copa América"
"427","1979-08-16","Brazil","Bolivia","Brazil","Zico",90,FALSE,"Copa América"
"428","1979-08-23","Argentina","Brazil","Brazil","Sócrates",17,FALSE,"Copa América"
"429","1979-08-23","Argentina","Brazil","Brazil","Sócrates",65,TRUE,"Copa América"
"430","1979-10-24","Paraguay","Brazil","Brazil","Palhinha",79,FALSE,"Copa América"
"431","1979-10-31","Brazil","Paraguay","Brazil","Paulo Roberto Falcão",29,FALSE,"Copa América"
"432","1979-10-31","Brazil","Paraguay","Brazil","Sócrates",61,TRUE,"Copa América"
"433","1981-02-08","Venezuela","Brazil","Brazil","Zico",82,TRUE,""
"434","1981-02-22","Bolivia","Brazil","Brazil","Sócrates",6,FALSE,""
"435","1981-02-22","Bolivia","Brazil","Brazil","José Reinaldo de Lima",60,FALSE,""
"436","1981-03-22","Brazil","Bolivia","Brazil","Zico",26,TRUE,""
"437","1981-03-22","Brazil","Bolivia","Brazil","Zico",62,FALSE,""
"438","1981-03-22","Brazil","Bolivia","Brazil","Zico",85,FALSE,""
"439","1981-03-29","Brazil","Venezuela","Brazil","Tita",35,FALSE,""
"440","1981-03-29","Brazil","Venezuela","Brazil","Sócrates",55,FALSE,""
"441","1981-03-29","Brazil","Venezuela","Brazil","Tita",57,FALSE,""
"442","1981-03-29","Brazil","Venezuela","Brazil","Zico",72,TRUE,""
"443","1981-03-29","Brazil","Venezuela","Brazil","Leovegildo Lins da Gama Júnior",84,FALSE,""
"444","1982-06-14","Brazil","Russia","Brazil","Sócrates",75,FALSE,""
"445","1982-06-14","Brazil","Russia","Brazil","Éder Aleixo de Assis",88,FALSE,""
"446","1982-06-18","Brazil","Scotland","Brazil","Zico",33,FALSE,""
"447","1982-06-18","Brazil","Scotland","Brazil","Oscar",48,FALSE,""
"448","1982-06-18","Brazil","Scotland","Brazil","Éder Aleixo de Assis",63,FALSE,""
"449","1982-06-18","Brazil","Scotland","Brazil","Paulo Roberto Falcão",87,FALSE,""
"450","1982-06-23","Brazil","New Zealand","Brazil","Zico",28,FALSE,""
"451","1982-06-23","Brazil","New Zealand","Brazil","Zico",31,FALSE,""
"452","1982-06-23","Brazil","New Zealand","Brazil","Paulo Roberto Falcão",64,FALSE,""
"453","1982-06-23","Brazil","New Zealand","Brazil","Serginho Chulapa",70,FALSE,""
"454","1982-07-02","Argentina","Brazil","Brazil","Zico",11,FALSE,""
"455","1982-07-02","Argentina","Brazil","Brazil","Serginho Chulapa",66,FALSE,""
"456","1982-07-02","Argentina","Brazil","Brazil","Leovegildo Lins da Gama Júnior",75,FALSE,""
"457","1982-07-05","Italy","Brazil","Brazil","Sócrates",12,FALSE,""
"458","1982-07-05","Italy","Brazil","Brazil","Paulo Roberto Falcão",68,FALSE,""
"459","1983-08-17","Ecuador","Brazil","Brazil","Roberto Dinamite",14,FALSE,""
"460","1983-09-01","Brazil","Ecuador","Brazil","Renato Gaúcho",12,FALSE,""
"461","1983-09-01","Brazil","Ecuador","Brazil","Roberto Dinamite",46,FALSE,""
"462","1983-09-01","Brazil","Ecuador","Brazil","Roberto Dinamite",55,FALSE,""
"463","1983-09-01","Brazil","Ecuador","Brazil","Éder Aleixo de Assis",58,FALSE,""
"464","1983-09-01","Brazil","Ecuador","Brazil","Tita",60,FALSE,""
"465","1983-10-13","Paraguay","Brazil","Brazil","Éder Aleixo de Assis",88,FALSE,""
"466","1983-11-04","Brazil","Uruguay","Brazil","Jorginho Putinatti",23,FALSE,""
"467","1985-06-02","Bolivia","Brazil","Brazil","Walter Casagrande",56,FALSE,""
"469","1985-06-16","Paraguay","Brazil","Brazil","Walter Casagrande",26,FALSE,""
"470","1985-06-16","Paraguay","Brazil","Brazil","Zico",69,FALSE,""
"471","1985-06-23","Brazil","Paraguay","Brazil","Sócrates",25,FALSE,""
"472","1985-06-30","Brazil","Bolivia","Brazil","Careca",19,FALSE,""
"473","1986-06-01","Spain","Brazil","Brazil","Sócrates",62,FALSE,""
"474","1986-06-06","Brazil","Algeria","Brazil","Careca",66,FALSE,""
"475","1986-06-12","Northern Ireland","Brazil","Brazil","Careca",15,FALSE,""
"476","1986-06-12","Northern Ireland","Brazil","Brazil","Josimar",42,FALSE,""
"477","1986-06-12","Northern Ireland","Brazil","Brazil","Careca",87,FALSE,""
"478","1986-06-16","Brazil","Poland","Brazil","Sócrates",30,TRUE,""
"479","1986-06-16","Brazil","Poland","Brazil","Josimar",55,FALSE,""
"480","1986-06-16","Brazil","Poland","Brazil","Edino Nazareth Filho",79,FALSE,""
"481","1986-06-16","Brazil","Poland","Brazil","Careca",83,TRUE,""
"482","1986-06-21","Brazil","France","Brazil","Careca",17,FALSE,""
"483","1987-06-28","Brazil","Venezuela","Brazil","Edú Marangón",33,FALSE,""
"485","1987-06-28","Brazil","Venezuela","Brazil","Careca",66,FALSE,""
"486","1987-06-28","Brazil","Venezuela","Brazil","Nelson Luís Kerchner",72,FALSE,""
"487","1987-06-28","Brazil","Venezuela","Brazil","Romário",89,FALSE,""
"488","1989-07-01","Brazil","Venezuela","Brazil","Bebeto",2,FALSE,""
"489","1989-07-01","Brazil","Venezuela","Brazil","Geovani Faria da Silva",36,TRUE,""
"490","1989-07-01","Brazil","Venezuela","Brazil","Baltazar Maria de Morais Júnior",57,FALSE,""
"491","1989-07-09","Brazil","Paraguay","Brazil","Bebeto",47,FALSE,""
"492","1989-07-09","Brazil","Paraguay","Brazil","Bebeto",82,FALSE,""
"493","1989-07-12","Brazil","Argentina","Brazil","Bebeto",48,FALSE,""
"494","1989-07-12","Brazil","Argentina","Brazil","Romário",55,FALSE,""
"495","1989-07-14","Brazil","Paraguay","Brazil","Bebeto",16,FALSE,""
"496","1989-07-14","Brazil","Paraguay","Brazil","Bebeto",52,FALSE,""
"497","1989-07-14","Brazil","Paraguay","Brazil","Romário",58,FALSE,""
"498","1989-07-16","Brazil","Uruguay","Brazil","Romário",49,FALSE,""
"499","1989-07-30","Venezuela","Brazil","Brazil","Branco",5,FALSE,""
"500","1989-07-30","Venezuela","Brazil","Brazil","Romário",65,FALSE,""
"501","1989-07-30","Venezuela","Brazil","Brazil","Bebeto",79,FALSE,""
"502","1989-07-30","Venezuela","Brazil","Brazil","Bebeto",81,FALSE,""
"504","1989-08-20","Brazil","Venezuela","Brazil","Careca",10,FALSE,""
"505","1989-08-20","Brazil","Venezuela","Brazil","Careca",17,FALSE,""
"506","1989-08-20","Brazil","Venezuela","Brazil","Paulo Silas",37,FALSE,""
"508","1989-08-20","Brazil","Venezuela","Brazil","Careca",80,FALSE,""
"509","1989-08-20","Brazil","Venezuela","Brazil","Careca",86,FALSE,""
"510","1989-09-03","Brazil","Chile","Brazil","Careca",49,FALSE,""
"511","1990-06-10","Brazil","Sweden","Brazil","Careca",40,FALSE,""
"512","1990-06-10","Brazil","Sweden","Brazil","Careca",63,FALSE,""
"513","1990-06-16","Brazil","Costa Rica","Brazil","Müller",33,FALSE,""
"514","1990-06-20","Brazil","Scotland","Brazil","Müller",81,FALSE,""
"515","1991-07-09","Bolivia","Brazil","Brazil","Neto",5,TRUE,""
"516","1991-07-09","Bolivia","Brazil","Brazil","Branco",47,FALSE,""
"517","1991-07-11","Brazil","Uruguay","Brazil","João Paulo",29,FALSE,""
"518","1991-07-15","Brazil","Ecuador","Brazil","Mazinho Oliveira",8,FALSE,""
"519","1991-07-15","Brazil","Ecuador","Brazil","Márcio Santos",54,FALSE,""
"520","1991-07-15","Brazil","Ecuador","Brazil","Luís Henrique",89,FALSE,""
"521","1991-07-17","Argentina","Brazil","Brazil","Branco",5,FALSE,""
"522","1991-07-17","Argentina","Brazil","Brazil","João Paulo",52,FALSE,""
"523","1991-07-19","Brazil","Colombia","Brazil","Renato Gaúcho",29,FALSE,""
"524","1991-07-19","Brazil","Colombia","Brazil","Branco",76,TRUE,""
"525","1991-07-21","Chile","Brazil","Brazil","Mazinho Oliveira",8,FALSE,""
"526","1991-07-21","Chile","Brazil","Brazil","Luís Henrique",55,FALSE,""
"527","1993-06-21","Brazil","Chile","Brazil","Müller",36,FALSE,""
"528","1993-06-21","Brazil","Chile","Brazil","Palhinha",55,FALSE,""
"529","1993-06-24","Brazil","Paraguay","Brazil","Palhinha",15,FALSE,""
"530","1993-06-24","Brazil","Paraguay","Brazil","Edmundo",62,FALSE,""
"531","1993-06-24","Brazil","Paraguay","Brazil","Palhinha",72,FALSE,""
"532","1993-06-27","Brazil","Argentina","Brazil","Müller",37,FALSE,""
"533","1993-08-01","Venezuela","Brazil","Brazil","Raí",34,TRUE,""
"534","1993-08-01","Venezuela","Brazil","Brazil","Bebeto",70,FALSE,""
"535","1993-08-01","Venezuela","Brazil","Brazil","Cláudio Ibrahim Vaz Leal",71,FALSE,""
"536","1993-08-01","Venezuela","Brazil","Brazil","Bebeto",79,FALSE,""
"537","1993-08-01","Venezuela","Brazil","Brazil","Palhinha",88,FALSE,""
"538","1993-08-15","Uruguay","Brazil","Brazil","Raí",28,FALSE,""
"539","1993-08-22","Brazil","Ecuador","Brazil","Bebeto",34,FALSE,""
"540","1993-08-22","Brazil","Ecuador","Brazil","Carlos Dunga",54,FALSE,""
"541","1993-08-29","Brazil","Bolivia","Brazil","Raí",12,FALSE,""
"542","1993-08-29","Brazil","Bolivia","Brazil","Müller",18,FALSE,""
"543","1993-08-29","Brazil","Bolivia","Brazil","Bebeto",22,FALSE,""
"544","1993-08-29","Brazil","Bolivia","Brazil","Cláudio Ibrahim Vaz Leal",36,FALSE,""
"545","1993-08-29","Brazil","Bolivia","Brazil","Ricardo Gomes",44,FALSE,""
"546","1993-08-29","Brazil","Bolivia","Brazil","Bebeto",60,FALSE,""
"547","1993-09-05","Brazil","Venezuela","Brazil","Ricardo Gomes",2,FALSE,""
"548","1993-09-05","Brazil","Venezuela","Brazil","Palhinha",29,FALSE,""
"549","1993-09-05","Brazil","Venezuela","Brazil","Evair Aparecido Paulino",31,FALSE,""
"550","1993-09-05","Brazil","Venezuela","Brazil","Ricardo Gomes",89,FALSE,""
"551","1993-09-19","Brazil","Uruguay","Brazil","Romário",72,FALSE,""
"552","1993-09-19","Brazil","Uruguay","Brazil","Romário",82,FALSE,""
"553","1994-06-20","Brazil","Russia","Brazil","Romário",26,FALSE,""
"554","1994-06-20","Brazil","Russia","Brazil","Raí",52,TRUE,""
"555","1994-06-24","Brazil","Cameroon","Brazil","Romário",39,FALSE,""
"556","1994-06-24","Brazil","Cameroon","Brazil","Márcio Roberto dos Santos",66,FALSE,""
"557","1994-06-24","Brazil","Cameroon","Brazil","Bebeto",73,FALSE,""
"558","1994-06-28","Brazil","Sweden","Brazil","Romário",47,FALSE,""
"559","1994-07-04","United States","Brazil","Brazil","Bebeto",72,FALSE,""
"560","1994-07-09","Netherlands","Brazil","Brazil","Romário",53,FALSE,""
"561","1994-07-09","Netherlands","Brazil","Brazil","Bebeto",63,FALSE,""
"562","1994-07-09","Netherlands","Brazil","Brazil","Branco",81,FALSE,""
"563","1994-07-13","Sweden","Brazil","Brazil","Romário",80,FALSE,""
"564","1995-07-07","Brazil","Ecuador","Brazil","Ronaldo Rodrigues de Jesus",73,FALSE,""
"565","1995-07-10","Brazil","Peru","Brazil","Zinho",77,TRUE,""
"566","1995-07-10","Brazil","Peru","Brazil","Edmundo",82,FALSE,""
"567","1995-07-13","Brazil","Colombia","Brazil","Leonardo Araújo",30,FALSE,""
"568","1995-07-13","Brazil","Colombia","Brazil","Túlio Costa",76,FALSE,""
"570","1995-07-17","Brazil","Argentina","Brazil","Edmundo",9,FALSE,""
"571","1995-07-17","Brazil","Argentina","Brazil","Túlio Maravilha",81,FALSE,""
"572","1995-07-20","United States","Brazil","Brazil","Aldair",13,FALSE,""
"573","1995-07-23","Uruguay","Brazil","Brazil","Túlio Maravilha",30,FALSE,""
"574","1996-01-12","Brazil","Canada","Brazil","André Luiz Moreira",3,FALSE,""
"575","1996-01-12","Brazil","Canada","Brazil","Caio Ribeiro Decoussau",7,FALSE,""
"576","1996-01-12","Brazil","Canada","Brazil","Sávio Bortolini Pimentel",14,FALSE,""
"577","1996-01-12","Brazil","Canada","Brazil","Leandro Machado",86,FALSE,""
"578","1996-01-14","Honduras","Brazil","Brazil","Caio Ribeiro Decoussau",9,FALSE,""
"579","1996-01-14","Honduras","Brazil","Brazil","Paulo Roberto Jamelli Júnior",31,FALSE,""
"580","1996-01-14","Honduras","Brazil","Brazil","Paulo Roberto Jamelli Júnior",61,FALSE,""
"581","1996-01-14","Honduras","Brazil","Brazil","Sávio Bortolini Pimentel",80,FALSE,""
"582","1996-01-14","Honduras","Brazil","Brazil","Caio Ribeiro Decoussau",81,FALSE,""
"584","1997-06-13","Brazil","Costa Rica","Brazil","Djalminha",20,FALSE,""
"586","1997-06-13","Brazil","Costa Rica","Brazil","Ronaldo",47,FALSE,""
"587","1997-06-13","Brazil","Costa Rica","Brazil","Ronaldo",54,FALSE,""
"588","1997-06-13","Brazil","Costa Rica","Brazil","Romário",60,FALSE,""
"589","1997-06-16","Brazil","Mexico","Brazil","Aldair",47,FALSE,""
"591","1997-06-16","Brazil","Mexico","Brazil","Leonardo Araújo",77,FALSE,""
"592","1997-06-19","Brazil","Colombia","Brazil","Dunga",11,FALSE,""
"593","1997-06-19","Brazil","Colombia","Brazil","Edmundo Alves de Souza Neto",67,FALSE,""
"594","1997-06-22","Brazil","Paraguay","Brazil","Ronaldo",9,FALSE,""
"595","1997-06-22","Brazil","Paraguay","Brazil","Ronaldo",34,FALSE,""
"596","1997-06-26","Brazil","Peru","Brazil","Denílson de Oliveira Araújo",1,FALSE,""
"597","1997-06-26","Brazil","Peru","Brazil","Flávio Conceição",28,FALSE,""
"598","1997-06-26","Brazil","Peru","Brazil","Romário",36,FALSE,""
"599","1997-06-26","Brazil","Peru","Brazil","Leonardo Araújo",45,FALSE,""
"600","1997-06-26","Brazil","Peru","Brazil","Romário",49,FALSE,""
"601","1997-06-26","Brazil","Peru","Brazil","Leonardo Araújo",55,FALSE,""
"602","1997-06-26","Brazil","Peru","Brazil","Djalminha",77,FALSE,""
"603","1997-06-29","Bolivia","Brazil","Brazil","Denílson de Oliveira Araújo",40,FALSE,""
"604","1997-06-29","Bolivia","Brazil","Brazil","Ronaldo",79,FALSE,""
"605","1997-06-29","Bolivia","Brazil","Brazil","Zé Roberto",90,FALSE,""
"606","1997-12-12","Saudi Arabia","Brazil","Brazil","César Sampaio",65,FALSE,""
"607","1997-12-12","Saudi Arabia","Brazil","Brazil","Romário",73,FALSE,""
"608","1997-12-12","Saudi Arabia","Brazil","Brazil","Romário",80,FALSE,""
"609","1997-12-16","Brazil","Mexico","Brazil","Romário",41,TRUE,""
"610","1997-12-16","Brazil","Mexico","Brazil","Denílson de Oliveira Araújo",61,FALSE,""
"611","1997-12-16","Brazil","Mexico","Brazil","Júnior Baiano",66,FALSE,""
"612","1997-12-19","Brazil","Czech Republic","Brazil","Romário",54,FALSE,""
"613","1997-12-19","Brazil","Czech Republic","Brazil","Ronaldo",83,FALSE,""
"614","1997-12-21","Brazil","Australia","Brazil","Ronaldo",15,FALSE,""
"615","1997-12-21","Brazil","Australia","Brazil","Ronaldo",27,FALSE,""
"616","1997-12-21","Brazil","Australia","Brazil","Romário",38,FALSE,""
"617","1997-12-21","Brazil","Australia","Brazil","Romário",53,FALSE,""
"618","1997-12-21","Brazil","Australia","Brazil","Ronaldo",59,FALSE,""
"619","1997-12-21","Brazil","Australia","Brazil","Romário",75,TRUE,""
"620","1998-02-05","Brazil","Guatemala","Brazil","Romário",79,FALSE,""
"621","1998-02-08","El Salvador","Brazil","Brazil","Edmundo Alves de Souza Neto",7,FALSE,""
"622","1998-02-08","El Salvador","Brazil","Brazil","Romário",19,FALSE,""
"623","1998-02-08","El Salvador","Brazil","Brazil","Giovane Élber",87,FALSE,""
"624","1998-02-08","El Salvador","Brazil","Brazil","Giovane Élber",90,FALSE,""
"625","1998-02-15","Brazil","Jamaica","Brazil","Romário",77,FALSE,""
"626","1998-06-10","Brazil","Scotland","Brazil","César Sampaio",5,FALSE,""
"628","1998-06-16","Brazil","Morocco","Brazil","Ronaldo",9,FALSE,""
"629","1998-06-16","Brazil","Morocco","Brazil","Rivaldo",45,FALSE,""
"630","1998-06-16","Brazil","Morocco","Brazil","Bebeto",50,FALSE,""
"631","1998-06-23","Brazil","Norway","Brazil","Bebeto",78,FALSE,""
"632","1998-06-27","Brazil","Chile","Brazil","César Sampaio",11,FALSE,""
"633","1998-06-27","Brazil","Chile","Brazil","César Sampaio",26,FALSE,""
"634","1998-06-27","Brazil","Chile","Brazil","Ronaldo",45,TRUE,""
"635","1998-06-27","Brazil","Chile","Brazil","Ronaldo",72,FALSE,""
"636","1998-07-03","Brazil","Denmark","Brazil","Bebeto",10,FALSE,""
"637","1998-07-03","Brazil","Denmark","Brazil","Rivaldo",25,FALSE,""
"638","1998-07-03","Brazil","Denmark","Brazil","Rivaldo",59,FALSE,""
"639","1998-07-07","Brazil","Netherlands","Brazil","Ronaldo",46,FALSE,""
"640","1999-06-30","Brazil","Venezuela","Brazil","Ronaldo",28,FALSE,""
"641","1999-06-30","Brazil","Venezuela","Brazil","Emerson",40,FALSE,""
"642","1999-06-30","Brazil","Venezuela","Brazil","Márcio Amoroso",54,FALSE,""
"643","1999-06-30","Brazil","Venezuela","Brazil","Ronaldo",62,FALSE,""
"644","1999-06-30","Brazil","Venezuela","Brazil","Ronaldinho",74,FALSE,""
"645","1999-06-30","Brazil","Venezuela","Brazil","Márcio Amoroso",81,FALSE,""
"646","1999-06-30","Brazil","Venezuela","Brazil","Rivaldo",82,FALSE,""
"647","1999-07-03","Brazil","Mexico","Brazil","Márcio Amoroso",20,FALSE,""
"648","1999-07-03","Brazil","Mexico","Brazil","Alexsandro de Souza",45,FALSE,""
"649","1999-07-06","Brazil","Chile","Brazil","Ronaldo",36,TRUE,""
"650","1999-07-11","Brazil","Argentina","Brazil","Rivaldo",32,FALSE,""
"651","1999-07-11","Brazil","Argentina","Brazil","Ronaldo",48,FALSE,""
"652","1999-07-14","Mexico","Brazil","Brazil","Márcio Amoroso",24,FALSE,""
"653","1999-07-14","Mexico","Brazil","Brazil","Rivaldo Vítor Borba Ferreira",42,FALSE,""
"654","1999-07-18","Brazil","Uruguay","Brazil","Rivaldo",20,FALSE,""
"655","1999-07-18","Brazil","Uruguay","Brazil","Rivaldo",27,FALSE,""
"656","1999-07-18","Brazil","Uruguay","Brazil","Ronaldo",46,FALSE,""
"657","1999-07-24","Brazil","Germany","Brazil","Zé Roberto",62,FALSE,""
"658","1999-07-24","Brazil","Germany","Brazil","Ronaldinho",72,FALSE,""
"659","1999-07-24","Brazil","Germany","Brazil","Alexsandro de Souza",86,FALSE,""
"660","1999-07-24","Brazil","Germany","Brazil","Alexsandro de Souza",87,FALSE,""
"661","1999-07-28","Brazil","United States","Brazil","Ronaldinho",13,FALSE,""
"662","1999-07-30","New Zealand","Brazil","Brazil","Marcos Paulo",45,FALSE,""
"663","1999-07-30","New Zealand","Brazil","Brazil","Ronaldinho",88,FALSE,""
"664","1999-08-01","Brazil","Saudi Arabia","Brazil","João Carlos dos Santos",8,FALSE,""
"665","1999-08-01","Brazil","Saudi Arabia","Brazil","Ronaldinho",11,FALSE,""
"666","1999-08-01","Brazil","Saudi Arabia","Brazil","Zé Roberto",33,FALSE,""
"667","1999-08-01","Brazil","Saudi Arabia","Brazil","Alexsandro de Souza",36,FALSE,""
"668","1999-08-01","Brazil","Saudi Arabia","Brazil","Rôni",62,FALSE,""
"669","1999-08-01","Brazil","Saudi Arabia","Brazil","Ronaldinho",65,FALSE,""
"670","1999-08-01","Brazil","Saudi Arabia","Brazil","Alexsandro de Souza",86,FALSE,""
"671","1999-08-01","Brazil","Saudi Arabia","Brazil","Ronaldinho",90,FALSE,""
"672","1999-08-04","Mexico","Brazil","Brazil","Serginho",43,TRUE,""
"673","1999-08-04","Mexico","Brazil","Brazil","Rôni",47,FALSE,""
"674","1999-08-04","Mexico","Brazil","Brazil","Zé Roberto",63,FALSE,""
"675","2000-04-26","Brazil","Ecuador","Brazil","Rivaldo",18,FALSE,""
"676","2000-04-26","Brazil","Ecuador","Brazil","Antônio Carlos Zago",43,FALSE,""
"677","2000-04-26","Brazil","Ecuador","Brazil","Rivaldo",51,FALSE,""
"678","2000-06-04","Peru","Brazil","Brazil","Antônio Carlos Zago",34,FALSE,""
"679","2000-06-28","Brazil","Uruguay","Brazil","Rivaldo",85,TRUE,""
"680","2000-07-18","Paraguay","Brazil","Brazil","Rivaldo",74,FALSE,""
"681","2000-07-26","Brazil","Argentina","Brazil","Alexsandro de Souza",5,FALSE,""
"682","2000-07-26","Brazil","Argentina","Brazil","Vampeta",45,FALSE,""
"683","2000-07-26","Brazil","Argentina","Brazil","Vampeta",50,FALSE,""
"684","2000-09-03","Brazil","Bolivia","Brazil","Romário",11,TRUE,""
"685","2000-09-03","Brazil","Bolivia","Brazil","Rivaldo",46,FALSE,""
"686","2000-09-03","Brazil","Bolivia","Brazil","Romário",77,FALSE,""
"687","2000-09-03","Brazil","Bolivia","Brazil","Romário",80,FALSE,""
"689","2000-10-08","Venezuela","Brazil","Brazil","Euller",20,FALSE,""
"690","2000-10-08","Venezuela","Brazil","Brazil","Juninho Paulista",28,FALSE,""
"691","2000-10-08","Venezuela","Brazil","Brazil","Romário",31,FALSE,""
"692","2000-10-08","Venezuela","Brazil","Brazil","Romário",36,FALSE,""
"693","2000-10-08","Venezuela","Brazil","Brazil","Romário",38,TRUE,""
"694","2000-10-08","Venezuela","Brazil","Brazil","Romário",63,FALSE,""
"695","2000-11-15","Brazil","Colombia","Brazil","Roque Júnior",90,FALSE,""
"696","2001-04-25","Brazil","Peru","Brazil","Romário",65,FALSE,""
"697","2001-05-31","Brazil","Cameroon","Brazil","Washington",53,FALSE,""
"698","2001-05-31","Brazil","Cameroon","Brazil","Carlos Miguel da Silva Júnior",57,FALSE,""
"699","2001-06-07","France","Brazil","Brazil","Ramon Menezes",30,FALSE,""
"700","2001-07-15","Brazil","Peru","Brazil","Guilherme de Cássio Alves",9,FALSE,""
"701","2001-07-15","Brazil","Peru","Brazil","Denílson de Oliveira Araújo",85,FALSE,""
"702","2001-07-18","Brazil","Paraguay","Brazil","Alexsandro de Souza",60,FALSE,""
"703","2001-07-18","Brazil","Paraguay","Brazil","Juliano Belletti",89,FALSE,""
"704","2001-07-18","Brazil","Paraguay","Brazil","Denílson de Oliveira Araújo",90,FALSE,""
"705","2001-08-15","Brazil","Paraguay","Brazil","Marcelinho Paraíba",4,FALSE,""
"706","2001-08-15","Brazil","Paraguay","Brazil","Rivaldo",69,FALSE,""
"708","2001-10-07","Brazil","Chile","Brazil","Edílson",52,FALSE,""
"709","2001-10-07","Brazil","Chile","Brazil","Rivaldo",63,FALSE,""
"710","2001-11-07","Bolivia","Brazil","Brazil","Edílson",26,FALSE,""
"711","2001-11-14","Brazil","Venezuela","Brazil","Luizão",12,FALSE,""
"712","2001-11-14","Brazil","Venezuela","Brazil","Luizão",19,FALSE,""
"713","2001-11-14","Brazil","Venezuela","Brazil","Rivaldo",34,FALSE,""
"714","2002-06-03","Brazil","Turkey","Brazil","Ronaldo",50,FALSE,""
"715","2002-06-03","Brazil","Turkey","Brazil","Rivaldo",87,TRUE,""
"716","2002-06-08","Brazil","China","Brazil","Roberto Carlos",15,FALSE,""
"717","2002-06-08","Brazil","China","Brazil","Rivaldo",32,FALSE,""
"718","2002-06-08","Brazil","China","Brazil","Ronaldinho",45,TRUE,""
"719","2002-06-08","Brazil","China","Brazil","Ronaldo",55,FALSE,""
"720","2002-06-13","Costa Rica","Brazil","Brazil","Ronaldo",10,FALSE,""
"721","2002-06-13","Costa Rica","Brazil","Brazil","Ronaldo",13,FALSE,""
"722","2002-06-13","Costa Rica","Brazil","Brazil","Edmílson",38,FALSE,""
"723","2002-06-13","Costa Rica","Brazil","Brazil","Rivaldo",62,FALSE,""
"724","2002-06-13","Costa Rica","Brazil","Brazil","Jenílson Ângelo de Souza",64,FALSE,""
"725","2002-06-17","Brazil","Belgium","Brazil","Rivaldo",67,FALSE,""
"726","2002-06-17","Brazil","Belgium","Brazil","Ronaldo",87,FALSE,""
"727","2002-06-21","England","Brazil","Brazil","Rivaldo",45,FALSE,""
"728","2002-06-21","England","Brazil","Brazil","Ronaldinho",50,FALSE,""
"729","2002-06-26","Brazil","Turkey","Brazil","Ronaldo",49,FALSE,""
"730","2002-06-30","Germany","Brazil","Brazil","Ronaldo",67,FALSE,""
"731","2002-06-30","Germany","Brazil","Brazil","Ronaldo",79,FALSE,""
"732","2003-06-21","Brazil","United States","Brazil","Adriano",22,FALSE,""
"733","2003-06-23","Brazil","Turkey","Brazil","Adriano",23,FALSE,""
"734","2003-06-23","Brazil","Turkey","Brazil","Alexsandro de Souza",90,FALSE,""
"735","2003-07-15","Brazil","Honduras","Brazil","Maicon Sisenando",16,FALSE,""
"736","2003-07-15","Brazil","Honduras","Brazil","Diego",84,FALSE,""
"737","2003-07-19","Colombia","Brazil","Brazil","Kaká",42,FALSE,""
"738","2003-07-19","Colombia","Brazil","Brazil","Kaká",66,FALSE,""
"739","2003-07-23","United States","Brazil","Brazil","Kaká",89,FALSE,""
"740","2003-07-23","United States","Brazil","Brazil","Diego",100,TRUE,""
"741","2003-09-07","Colombia","Brazil","Brazil","Ronaldo",22,FALSE,""
"742","2003-09-07","Colombia","Brazil","Brazil","Kaká",60,FALSE,""
"743","2003-09-10","Brazil","Ecuador","Brazil","Ronaldinho",13,FALSE,""
"744","2003-11-16","Peru","Brazil","Brazil","Rivaldo",20,TRUE,""
"745","2003-11-19","Brazil","Uruguay","Brazil","Kaká",20,FALSE,""
"746","2003-11-19","Brazil","Uruguay","Brazil","Ronaldo",28,FALSE,""
"747","2003-11-19","Brazil","Uruguay","Brazil","Ronaldo",87,FALSE,""
"748","2004-06-02","Brazil","Argentina","Brazil","Ronaldo",16,TRUE,""
"749","2004-06-02","Brazil","Argentina","Brazil","Ronaldo",67,TRUE,""
"750","2004-06-02","Brazil","Argentina","Brazil","Ronaldo",90,TRUE,""
"751","2004-06-06","Chile","Brazil","Brazil","Luís Fabiano",16,FALSE,""
"752","2004-07-08","Brazil","Chile","Brazil","Luís Fabiano",90,FALSE,""
"753","2004-07-11","Brazil","Costa Rica","Brazil","Adriano",45,FALSE,""
"754","2004-07-11","Brazil","Costa Rica","Brazil","Juan",49,FALSE,""
"755","2004-07-11","Brazil","Costa Rica","Brazil","Adriano",54,FALSE,""
"756","2004-07-11","Brazil","Costa Rica","Brazil","Adriano",67,FALSE,""
"757","2004-07-14","Brazil","Paraguay","Brazil","Luís Fabiano",35,FALSE,""
"758","2004-07-18","Mexico","Brazil","Brazil","Alexsandro de Souza",26,TRUE,""
"759","2004-07-18","Mexico","Brazil","Brazil","Adriano",65,FALSE,""
"760","2004-07-18","Mexico","Brazil","Brazil","Adriano",78,FALSE,""
"761","2004-07-18","Mexico","Brazil","Brazil","Ricardo Oliveira",87,FALSE,""
"762","2004-07-21","Uruguay","Brazil","Brazil","Adriano",46,FALSE,""
"763","2004-07-25","Argentina","Brazil","Brazil","Luisão",45,FALSE,""
"764","2004-07-25","Argentina","Brazil","Brazil","Adriano",90,FALSE,""
"765","2004-09-05","Brazil","Bolivia","Brazil","Ronaldo",1,FALSE,""
"766","2004-09-05","Brazil","Bolivia","Brazil","Ronaldinho",12,TRUE,""
"767","2004-09-05","Brazil","Bolivia","Brazil","Adriano Leite Ribeiro",44,FALSE,""
"768","2004-10-09","Venezuela","Brazil","Brazil","Kaká",5,FALSE,""
"769","2004-10-09","Venezuela","Brazil","Brazil","Kaká",34,FALSE,""
"770","2004-10-09","Venezuela","Brazil","Brazil","Ronaldo",48,FALSE,""
"771","2004-10-09","Venezuela","Brazil","Brazil","Ronaldo",50,FALSE,""
"772","2004-10-09","Venezuela","Brazil","Brazil","Adriano Leite Ribeiro",75,FALSE,""
"773","2005-03-27","Brazil","Peru","Brazil","Kaká",74,FALSE,""
"774","2005-03-30","Uruguay","Brazil","Brazil","Émerson Ferreira da Rosa",67,FALSE,""
"775","2005-06-05","Brazil","Paraguay","Brazil","Ronaldinho",32,TRUE,""
"776","2005-06-05","Brazil","Paraguay","Brazil","Ronaldinho",41,TRUE,""
"777","2005-06-05","Brazil","Paraguay","Brazil","Zé Roberto",70,FALSE,""
"778","2005-06-05","Brazil","Paraguay","Brazil","Robinho",82,FALSE,""
"779","2005-06-08","Argentina","Brazil","Brazil","Roberto Carlos",71,FALSE,""
"780","2005-06-16","Brazil","Greece","Brazil","Adriano",41,FALSE,""
"781","2005-06-16","Brazil","Greece","Brazil","Robinho",46,FALSE,""
"782","2005-06-16","Brazil","Greece","Brazil","Juninho Pernambucano",81,FALSE,""
"783","2005-06-22","Japan","Brazil","Brazil","Robinho",10,FALSE,""
"784","2005-06-22","Japan","Brazil","Brazil","Ronaldinho",32,FALSE,""
"785","2005-06-25","Germany","Brazil","Brazil","Adriano",21,FALSE,""
"786","2005-06-25","Germany","Brazil","Brazil","Ronaldinho",43,TRUE,""
"787","2005-06-25","Germany","Brazil","Brazil","Adriano",76,FALSE,""
"788","2005-06-29","Brazil","Argentina","Brazil","Adriano",11,FALSE,""
"789","2005-06-29","Brazil","Argentina","Brazil","Kaká",16,FALSE,""
"790","2005-06-29","Brazil","Argentina","Brazil","Ronaldinho",47,FALSE,""
"791","2005-06-29","Brazil","Argentina","Brazil","Adriano",63,FALSE,""
"792","2005-09-04","Brazil","Chile","Brazil","Juan",11,FALSE,""
"793","2005-09-04","Brazil","Chile","Brazil","Robinho",21,FALSE,""
"794","2005-09-04","Brazil","Chile","Brazil","Adriano Leite Ribeiro",27,FALSE,""
"795","2005-09-04","Brazil","Chile","Brazil","Adriano Leite Ribeiro",29,FALSE,""
"796","2005-09-04","Brazil","Chile","Brazil","Adriano Leite Ribeiro",90,FALSE,""
"797","2005-10-09","Bolivia","Brazil","Brazil","Juninho Pernambucano",25,FALSE,""
"798","2005-10-12","Brazil","Venezuela","Brazil","Adriano Leite Ribeiro",28,FALSE,""
"799","2005-10-12","Brazil","Venezuela","Brazil","Ronaldo",51,FALSE,""
"800","2005-10-12","Brazil","Venezuela","Brazil","Roberto Carlos",61,FALSE,""
"801","2006-06-13","Brazil","Croatia","Brazil","Kaká",44,FALSE,""
"802","2006-06-18","Brazil","Australia","Brazil","Adriano",49,FALSE,""
"803","2006-06-18","Brazil","Australia","Brazil","Fred",90,FALSE,""
"804","2006-06-22","Japan","Brazil","Brazil","Ronaldo",45,FALSE,""
"805","2006-06-22","Japan","Brazil","Brazil","Juninho Pernambucano",53,FALSE,""
"806","2006-06-22","Japan","Brazil","Brazil","Gilberto",59,FALSE,""
"807","2006-06-22","Japan","Brazil","Brazil","Ronaldo",81,FALSE,""
"808","2006-06-27","Brazil","Ghana","Brazil","Ronaldo",5,FALSE,""
"809","2006-06-27","Brazil","Ghana","Brazil","Adriano",45,FALSE,""
"810","2006-06-27","Brazil","Ghana","Brazil","Zé Roberto",84,FALSE,""
"811","2007-07-01","Brazil","Chile","Brazil","Robinho",36,TRUE,""
"812","2007-07-01","Brazil","Chile","Brazil","Robinho",84,FALSE,""
"813","2007-07-01","Brazil","Chile","Brazil","Robinho",87,FALSE,""
"814","2007-07-04","Brazil","Ecuador","Brazil","Robinho",56,TRUE,""
"815","2007-07-07","Chile","Brazil","Brazil","Juan",16,FALSE,""
"816","2007-07-07","Chile","Brazil","Brazil","Júlio Baptista",23,FALSE,""
"817","2007-07-07","Chile","Brazil","Brazil","Robinho",27,FALSE,""
"818","2007-07-07","Chile","Brazil","Brazil","Robinho",50,FALSE,""
"819","2007-07-07","Chile","Brazil","Brazil","Josué Anunciado de Oliveira",68,FALSE,""
"820","2007-07-07","Chile","Brazil","Brazil","Vágner Love",85,FALSE,""
"821","2007-07-10","Uruguay","Brazil","Brazil","Maicon Sisenando",13,FALSE,""
"822","2007-07-10","Uruguay","Brazil","Brazil","Júlio Baptista",41,FALSE,""
"823","2007-07-15","Brazil","Argentina","Brazil","Júlio Baptista",4,FALSE,""
"825","2007-07-15","Brazil","Argentina","Brazil","Dani Alves",69,FALSE,""
"826","2007-10-17","Brazil","Ecuador","Brazil","Vágner Love",19,FALSE,""
"827","2007-10-17","Brazil","Ecuador","Brazil","Ronaldinho",71,FALSE,""
"828","2007-10-17","Brazil","Ecuador","Brazil","Kaká",77,FALSE,""
"829","2007-10-17","Brazil","Ecuador","Brazil","Elano",83,FALSE,""
"830","2007-10-17","Brazil","Ecuador","Brazil","Kaká",85,FALSE,""
"831","2007-11-18","Peru","Brazil","Brazil","Kaká",41,FALSE,""
"832","2007-11-21","Brazil","Uruguay","Brazil","Luís Fabiano",45,FALSE,""
"833","2007-11-21","Brazil","Uruguay","Brazil","Luís Fabiano",64,FALSE,""
"834","2008-09-07","Chile","Brazil","Brazil","Luís Fabiano",21,FALSE,""
"835","2008-09-07","Chile","Brazil","Brazil","Robinho",45,FALSE,""
"836","2008-09-07","Chile","Brazil","Brazil","Luís Fabiano",83,FALSE,""
"837","2008-10-12","Venezuela","Brazil","Brazil","Kaká",6,FALSE,""
"838","2008-10-12","Venezuela","Brazil","Brazil","Robinho",10,FALSE,""
"839","2008-10-12","Venezuela","Brazil","Brazil","Adriano",19,FALSE,""
"840","2008-10-12","Venezuela","Brazil","Brazil","Robinho",67,FALSE,""
"841","2009-03-29","Ecuador","Brazil","Brazil","Júlio Baptista",72,FALSE,""
"842","2009-04-01","Brazil","Peru","Brazil","Luís Fabiano",18,TRUE,""
"843","2009-04-01","Brazil","Peru","Brazil","Luís Fabiano",27,FALSE,""
"844","2009-04-01","Brazil","Peru","Brazil","Felipe Melo",64,FALSE,""
"845","2009-06-06","Uruguay","Brazil","Brazil","Dani Alves",12,FALSE,""
"846","2009-06-06","Uruguay","Brazil","Brazil","Juan",36,FALSE,""
"847","2009-06-06","Uruguay","Brazil","Brazil","Luís Fabiano",52,FALSE,""
"848","2009-06-06","Uruguay","Brazil","Brazil","Kaká",75,TRUE,""
"849","2009-06-10","Brazil","Paraguay","Brazil","Robinho",40,FALSE,""
"850","2009-06-10","Brazil","Paraguay","Brazil","Nilmar",49,FALSE,""
"851","2009-06-15","Brazil","Egypt","Brazil","Kaká",5,FALSE,""
"852","2009-06-15","Brazil","Egypt","Brazil","Luís Fabiano",11,FALSE,""
"853","2009-06-15","Brazil","Egypt","Brazil","Juan",37,FALSE,""
"854","2009-06-15","Brazil","Egypt","Brazil","Kaká",90,TRUE,""
"855","2009-06-18","United States","Brazil","Brazil","Felipe Melo",7,FALSE,""
"856","2009-06-18","United States","Brazil","Brazil","Robinho",20,FALSE,""
"857","2009-06-18","United States","Brazil","Brazil","Maicon Sisenando",62,FALSE,""
"858","2009-06-21","Italy","Brazil","Brazil","Luís Fabiano",37,FALSE,""
"859","2009-06-21","Italy","Brazil","Brazil","Luís Fabiano",43,FALSE,""
"861","2009-06-25","South Africa","Brazil","Brazil","Dani Alves",88,FALSE,""
"862","2009-06-28","United States","Brazil","Brazil","Luís Fabiano",46,FALSE,""
"863","2009-06-28","United States","Brazil","Brazil","Luís Fabiano",74,FALSE,""
"864","2009-06-28","United States","Brazil","Brazil","Lúcio",84,FALSE,""
"865","2009-09-05","Argentina","Brazil","Brazil","Luisão",23,FALSE,""
"866","2009-09-05","Argentina","Brazil","Brazil","Luís Fabiano",30,FALSE,""
"867","2009-09-05","Argentina","Brazil","Brazil","Luís Fabiano",68,FALSE,""
"868","2009-09-09","Brazil","Chile","Brazil","Nilmar",31,FALSE,""
"869","2009-09-09","Brazil","Chile","Brazil","Júlio Baptista",40,FALSE,""
"870","2009-09-09","Brazil","Chile","Brazil","Nilmar",74,FALSE,""
"871","2009-09-09","Brazil","Chile","Brazil","Nilmar",76,FALSE,""
"872","2009-10-11","Bolivia","Brazil","Brazil","Nilmar",70,FALSE,""
"873","2010-06-15","Brazil","North Korea","Brazil","Maicon Sisenando",55,FALSE,""
"874","2010-06-15","Brazil","North Korea","Brazil","Elano",72,FALSE,""
"875","2010-06-20","Brazil","Ivory Coast","Brazil","Luís Fabiano",25,FALSE,""
"876","2010-06-20","Brazil","Ivory Coast","Brazil","Luís Fabiano",50,FALSE,""
"877","2010-06-20","Brazil","Ivory Coast","Brazil","Elano",62,FALSE,""
"878","2010-06-28","Brazil","Chile","Brazil","Juan",34,FALSE,""
"879","2010-06-28","Brazil","Chile","Brazil","Luís Fabiano",38,FALSE,""
"880","2010-06-28","Brazil","Chile","Brazil","Robinho",59,FALSE,""
"881","2010-07-02","Netherlands","Brazil","Brazil","Robinho",10,FALSE,""
"882","2011-07-09","Brazil","Paraguay","Brazil","Jádson",38,FALSE,""
"883","2011-07-09","Brazil","Paraguay","Brazil","Fred",89,FALSE,""
"884","2011-07-13","Brazil","Ecuador","Brazil","Alexandre Pato",28,FALSE,""
"885","2011-07-13","Brazil","Ecuador","Brazil","Neymar",48,FALSE,""
"886","2011-07-13","Brazil","Ecuador","Brazil","Alexandre Pato",61,FALSE,""
"887","2011-07-13","Brazil","Ecuador","Brazil","Neymar",71,FALSE,""
"888","2013-06-15","Brazil","Japan","Brazil","Neymar",3,FALSE,""
"889","2013-06-15","Brazil","Japan","Brazil","Paulinho",48,FALSE,""
"890","2013-06-15","Brazil","Japan","Brazil","Jô",90,FALSE,""
"891","2013-06-19","Brazil","Mexico","Brazil","Neymar",9,FALSE,""
"892","2013-06-19","Brazil","Mexico","Brazil","Jô",90,FALSE,""
"893","2013-06-22","Brazil","Italy","Brazil","Dante",45,FALSE,""
"894","2013-06-22","Brazil","Italy","Brazil","Neymar",55,FALSE,""
"895","2013-06-22","Brazil","Italy","Brazil","Fred",66,FALSE,""
"896","2013-06-22","Brazil","Italy","Brazil","Fred",89,FALSE,""
"897","2013-06-26","Brazil","Uruguay","Brazil","Fred",41,FALSE,""
"898","2013-06-26","Brazil","Uruguay","Brazil","Paulinho",86,FALSE,""
"899","2013-06-30","Brazil","Spain","Brazil","Fred",2,FALSE,""
"900","2013-06-30","Brazil","Spain","Brazil","Neymar",44,FALSE,""
"901","2013-06-30","Brazil","Spain","Brazil","Fred",48,FALSE,""
"902","2014-06-12","Brazil","Croatia","Brazil","Neymar",29,FALSE,""
"903","2014-06-12","Brazil","Croatia","Brazil","Neymar",71,TRUE,""
"904","2014-06-12","Brazil","Croatia","Brazil","Oscar",90,FALSE,""
"905","2014-06-23","Brazil","Cameroon","Brazil","Neymar",17,FALSE,""
"906","2014-06-23","Brazil","Cameroon","Brazil","Neymar",35,FALSE,""
"907","2014-06-23","Brazil","Cameroon","Brazil","Fred",49,FALSE,""
"908","2014-06-23","Brazil","Cameroon","Brazil","Fernandinho",84,FALSE,""
"909","2014-06-28","Brazil","Chile","Brazil","David Luiz",18,FALSE,""
"910","2014-07-04","Brazil","Colombia","Brazil","Thiago Silva",7,FALSE,""
"911","2014-07-04","Brazil","Colombia","Brazil","David Luiz",69,FALSE,""
"912","2014-07-08","Brazil","Germany","Brazil","Oscar",90,FALSE,""
"913","2015-06-14","Brazil","Peru","Brazil","Neymar",4,FALSE,""
"914","2015-06-14","Brazil","Peru","Brazil","Douglas Costa",90,FALSE,""
"915","2015-06-21","Brazil","Venezuela","Brazil","Thiago Silva",8,FALSE,""
"916","2015-06-21","Brazil","Venezuela","Brazil","Roberto Firmino",51,FALSE,""
"917","2015-06-27","Brazil","Paraguay","Brazil","Robinho",14,FALSE,""
"918","2015-10-13","Brazil","Venezuela","Brazil","Willian",1,FALSE,""
"919","2015-10-13","Brazil","Venezuela","Brazil","Willian",42,FALSE,""
"920","2015-10-13","Brazil","Venezuela","Brazil","Ricardo Oliveira",73,FALSE,""
"921","2015-11-13","Argentina","Brazil","Brazil","Lucas Lima",58,FALSE,""
"922","2015-11-17","Brazil","Peru","Brazil","Douglas Costa",22,FALSE,""
"923","2015-11-17","Brazil","Peru","Brazil","Renato Augusto",57,FALSE,""
"924","2015-11-17","Brazil","Peru","Brazil","Filipe Luís",76,FALSE,""
"925","2016-03-25","Brazil","Uruguay","Brazil","Douglas Costa",1,FALSE,""
"926","2016-03-25","Brazil","Uruguay","Brazil","Renato Augusto",25,FALSE,""
"927","2016-03-29","Paraguay","Brazil","Brazil","Ricardo Oliveira",79,FALSE,""
"928","2016-03-29","Paraguay","Brazil","Brazil","Dani Alves",90,FALSE,""
"929","2016-06-08","Brazil","Haiti","Brazil","Philippe Coutinho",14,FALSE,""
"930","2016-06-08","Brazil","Haiti","Brazil","Philippe Coutinho",29,FALSE,""
"931","2016-06-08","Brazil","Haiti","Brazil","Renato Augusto",35,FALSE,""
"932","2016-06-08","Brazil","Haiti","Brazil","Gabriel Barbosa",59,FALSE,""
"933","2016-06-08","Brazil","Haiti","Brazil","Lucas Lima",67,FALSE,""
"934","2016-06-08","Brazil","Haiti","Brazil","Renato Augusto",86,FALSE,""
"935","2016-06-08","Brazil","Haiti","Brazil","Philippe Coutinho",90,FALSE,""
"936","2016-09-01","Ecuador","Brazil","Brazil","Neymar",72,TRUE,""
"937","2016-09-01","Ecuador","Brazil","Brazil","Gabriel Jesus",87,FALSE,""
"938","2016-09-01","Ecuador","Brazil","Brazil","Gabriel Jesus",90,FALSE,""
"939","2016-09-06","Brazil","Colombia","Brazil","Miranda",2,FALSE,""
"940","2016-09-06","Brazil","Colombia","Brazil","Neymar",74,FALSE,""
"941","2016-10-06","Brazil","Bolivia","Brazil","Neymar",10,FALSE,""
"942","2016-10-06","Brazil","Bolivia","Brazil","Philippe Coutinho",25,FALSE,""
"943","2016-10-06","Brazil","Bolivia","Brazil","Filipe Luís",38,FALSE,""
"944","2016-10-06","Brazil","Bolivia","Brazil","Gabriel Jesus",43,FALSE,""
"945","2016-10-06","Brazil","Bolivia","Brazil","Roberto Firmino",75,FALSE,""
"946","2016-10-11","Venezuela","Brazil","Brazil","Gabriel Jesus",7,FALSE,""
"947","2016-10-11","Venezuela","Brazil","Brazil","Willian",53,FALSE,""
"948","2016-11-10","Brazil","Argentina","Brazil","Philippe Coutinho",25,FALSE,""
"949","2016-11-10","Brazil","Argentina","Brazil","Neymar",45,FALSE,""
"950","2016-11-10","Brazil","Argentina","Brazil","Paulinho",58,FALSE,""
"951","2016-11-15","Peru","Brazil","Brazil","Gabriel Jesus",57,FALSE,""
"952","2016-11-15","Peru","Brazil","Brazil","Renato Augusto",78,FALSE,""
"953","2017-03-23","Uruguay","Brazil","Brazil","Paulinho",18,FALSE,""
"954","2017-03-23","Uruguay","Brazil","Brazil","Paulinho",51,FALSE,""
"955","2017-03-23","Uruguay","Brazil","Brazil","Neymar",74,FALSE,""
"956","2017-03-23","Uruguay","Brazil","Brazil","Paulinho",90,FALSE,""
"957","2017-03-28","Brazil","Paraguay","Brazil","Philippe Coutinho",34,FALSE,""
"958","2017-03-28","Brazil","Paraguay","Brazil","Neymar",63,FALSE,""
"959","2017-03-28","Brazil","Paraguay","Brazil","Marcelo",85,FALSE,""
"960","2017-08-31","Brazil","Ecuador","Brazil","Paulinho",69,FALSE,""
"961","2017-08-31","Brazil","Ecuador","Brazil","Philippe Coutinho",76,FALSE,""
"962","2017-09-05","Colombia","Brazil","Brazil","Willian",45,FALSE,""
"963","2017-10-10","Brazil","Chile","Brazil","Paulinho",55,FALSE,""
"964","2017-10-10","Brazil","Chile","Brazil","Gabriel Jesus",57,FALSE,""
"965","2017-10-10","Brazil","Chile","Brazil","Gabriel Jesus",90,FALSE,""
"966","2018-06-17","Brazil","Switzerland","Brazil","Philippe Coutinho",20,FALSE,""
"967","2018-06-22","Brazil","Costa Rica","Brazil","Philippe Coutinho",90,FALSE,""
"968","2018-06-22","Brazil","Costa Rica","Brazil","Neymar",90,FALSE,""
"969","2018-06-27","Serbia","Brazil","Brazil","Paulinho",36,FALSE,""
"970","2018-06-27","Serbia","Brazil","Brazil","Thiago Silva",68,FALSE,""
"971","2018-07-02","Brazil","Mexico","Brazil","Neymar",51,FALSE,""
"972","2018-07-02","Brazil","Mexico","Brazil","Roberto Firmino",88,FALSE,""
"973","2018-07-06","Brazil","Belgium","Brazil","Renato Augusto",76,FALSE,""
"974","2019-06-14","Brazil","Bolivia","Brazil","Philippe Coutinho",50,TRUE,""
"975","2019-06-14","Brazil","Bolivia","Brazil","Philippe Coutinho",53,FALSE,""
"976","2019-06-14","Brazil","Bolivia","Brazil","Everton Soares",85,FALSE,""
"977","2019-06-22","Brazil","Peru","Brazil","Casemiro",12,FALSE,""
"978","2019-06-22","Brazil","Peru","Brazil","Roberto Firmino",19,FALSE,""
"979","2019-06-22","Brazil","Peru","Brazil","Everton Soares",32,FALSE,""
"980","2019-06-22","Brazil","Peru","Brazil","Dani Alves",53,FALSE,""
"981","2019-06-22","Brazil","Peru","Brazil","Willian",90,FALSE,""
"982","2019-07-02","Brazil","Argentina","Brazil","Gabriel Jesus",19,FALSE,""
"983","2019-07-02","Brazil","Argentina","Brazil","Roberto Firmino",71,FALSE,""
"984","2019-07-07","Brazil","Peru","Brazil","Everton Soares",15,FALSE,""
"985","2019-07-07","Brazil","Peru","Brazil","Gabriel Jesus",45,FALSE,""
"986","2019-07-07","Brazil","Peru","Brazil","Richarlison",90,TRUE,""
"987","2020-10-09","Brazil","Bolivia","Brazil","Marquinhos",16,FALSE,""
"988","2020-10-09","Brazil","Bolivia","Brazil","Roberto Firmino",30,FALSE,""
"989","2020-10-09","Brazil","Bolivia","Brazil","Roberto Firmino",49,FALSE,""
"991","2020-10-09","Brazil","Bolivia","Brazil","Philippe Coutinho",73,FALSE,""
"992","2020-10-13","Peru","Brazil","Brazil","Neymar",28,TRUE,""
"993","2020-10-13","Peru","Brazil","Brazil","Richarlison",64,FALSE,""
"994","2020-10-13","Peru","Brazil","Brazil","Neymar",83,TRUE,""
"995","2020-10-13","Peru","Brazil","Brazil","Neymar",90,FALSE,""
"996","2020-11-13","Brazil","Venezuela","Brazil","Roberto Firmino",66,FALSE,""
"997","2020-11-17","Uruguay","Brazil","Brazil","Arthur Melo",33,FALSE,""
"998","2020-11-17","Uruguay","Brazil","Brazil","Richarlison",45,FALSE,""
"999","2021-06-04","Brazil","Ecuador","Brazil","Richarlison",65,FALSE,""
"1000","2021-06-04","Brazil","Ecuador","Brazil","Neymar",90,TRUE,""
"1001","2021-06-08","Paraguay","Brazil","Brazil","Neymar",4,FALSE,""
"1002","2021-06-08","Paraguay","Brazil","Brazil","Lucas Paquetá",90,FALSE,""
"1003","2021-06-13","Brazil","Venezuela","Brazil","Marquinhos",23,FALSE,""
"1004","2021-06-13","Brazil","Venezuela","Brazil","Neymar",64,TRUE,""
"1005","2021-06-13","Brazil","Venezuela","Brazil","Gabriel Barbosa",89,FALSE,""
"1006","2021-06-17","Brazil","Peru","Brazil","Alex Sandro",12,FALSE,""
"1007","2021-06-17","Brazil","Peru","Brazil","Neymar",68,FALSE,""
"1008","2021-06-17","Brazil","Peru","Brazil","Éverton Ribeiro",89,FALSE,""
"1009","2021-06-17","Brazil","Peru","Brazil","Richarlison",90,FALSE,""
"1010","2021-06-23","Brazil","Colombia","Brazil","Roberto Firmino",78,FALSE,""
"1011","2021-06-23","Brazil","Colombia","Brazil","Casemiro",90,FALSE,""
"1012","2021-06-27","Brazil","Ecuador","Brazil","Éder Militão",37,FALSE,""
"1013","2021-07-02","Brazil","Chile","Brazil","Lucas Paquetá",46,FALSE,""
"1014","2021-07-05","Brazil","Peru","Brazil","Lucas Paquetá",35,FALSE,""
"1015","2021-09-02","Chile","Brazil","Brazil","Éverton Ribeiro",64,FALSE,""
"1016","2021-09-09","Brazil","Peru","Brazil","Éverton Ribeiro",15,FALSE,""
"1017","2021-09-09","Brazil","Peru","Brazil","Neymar",40,FALSE,""
"1018","2021-10-07","Venezuela","Brazil","Brazil","Marquinhos",71,FALSE,""
"1019","2021-10-07","Venezuela","Brazil","Brazil","Gabriel Barbosa",85,TRUE,""
"1020","2021-10-07","Venezuela","Brazil","Brazil","Antony",90,FALSE,""
"1021","2021-10-14","Brazil","Uruguay","Brazil","Neymar",10,FALSE,""
"1022","2021-10-14","Brazil","Uruguay","Brazil","Raphinha",18,FALSE,""
"1023","2021-10-14","Brazil","Uruguay","Brazil","Raphinha",58,FALSE,""
"1024","2021-10-14","Brazil","Uruguay","Brazil","Gabriel Barbosa",83,FALSE,""
"1025","2021-11-11","Brazil","Colombia","Brazil","Lucas Paquetá",72,FALSE,""
"1026","2022-01-27","Ecuador","Brazil","Brazil","Casemiro",6,FALSE,""
"1027","2022-02-01","Brazil","Paraguay","Brazil","Raphinha",28,FALSE,""
"1028","2022-02-01","Brazil","Paraguay","Brazil","Philippe Coutinho",62,FALSE,""
"1029","2022-02-01","Brazil","Paraguay","Brazil","Antony",86,FALSE,""
"1030","2022-02-01","Brazil","Paraguay","Brazil","Rodrygo",88,FALSE,""
"1031","2022-03-24","Brazil","Chile","Brazil","Neymar",44,TRUE,""
"1032","2022-03-24","Brazil","Chile","Brazil","Vinícius Júnior",45,FALSE,""
"1033","2022-03-24","Brazil","Chile","Brazil","Philippe Coutinho",72,TRUE,""
"1034","2022-03-24","Brazil","Chile","Brazil","Richarlison",90,FALSE,""
"1035","2022-03-29","Bolivia","Brazil","Brazil","Lucas Paquetá",24,FALSE,""
"1036","2022-03-29","Bolivia","Brazil","Brazil","Richarlison",45,FALSE,""
"1037","2022-03-29","Bolivia","Brazil","Brazil","Bruno Guimarães",66,FALSE,""
"1038","2022-03-29","Bolivia","Brazil","Brazil","Richarlison",90,FALSE,""
"1039","2022-11-24","Brazil","Serbia","Brazil","Richarlison",62,FALSE,""
"1040","2022-11-24","Brazil","Serbia","Brazil","Richarlison",73,FALSE,""
"1041","2022-11-28","Brazil","Switzerland","Brazil","Casemiro",83,FALSE,""
"1042","2022-12-05","Brazil","South Korea","Brazil","Vinícius Júnior",7,FALSE,""
"1043","2022-12-05","Brazil","South Korea","Brazil","Neymar",13,TRUE,""
"1044","2022-12-05","Brazil","South Korea","Brazil","Richarlison",29,FALSE,""
"1045","2022-12-05","Brazil","South Korea","Brazil","Lucas Paquetá",36,FALSE,""
"1046","2022-12-09","Croatia","Brazil","Brazil","Neymar",105,FALSE,""
"1047","2023-09-08","Brazil","Bolivia","Brazil","Rodrygo",24,FALSE,""
"1048","2023-09-08","Brazil","Bolivia","Brazil","Raphinha",47,FALSE,""
"1049","2023-09-08","Brazil","Bolivia","Brazil","Rodrygo",53,FALSE,""
"1050","2023-09-08","Brazil","Bolivia","Brazil","Neymar",61,FALSE,""
"1051","2023-09-08","Brazil","Bolivia","Brazil","Neymar",90,FALSE,""
"1052","2023-09-12","Peru","Brazil","Brazil","Marquinhos",90,FALSE,""
"1053","2023-10-12","Brazil","Venezuela","Brazil","Gabriel Magalhães",50,FALSE,""
"1054","2023-11-16","Colombia","Brazil","Brazil","Gabriel Martinelli",4,FALSE,""
"1055","2024-06-28","Paraguay","Brazil","Brazil","Vinícius Júnior",35,FALSE,""
"1056","2024-06-28","Paraguay","Brazil","Brazil","Sávio",43,FALSE,""
"1057","2024-06-28","Paraguay","Brazil","Brazil","Vinícius Júnior",45,FALSE,""
"1058","2024-06-28","Paraguay","Brazil","Brazil","Lucas Paquetá",65,TRUE,""
"1059","2024-07-02","Brazil","Colombia","Brazil","Raphinha",12,FALSE,""
"1060","2024-09-06","Brazil","Ecuador","Brazil","Rodrygo",30,FALSE,""
"1061","2024-10-10","Chile","Brazil","Brazil","Igor Jesus",45,FALSE,""
"1062","2024-10-10","Chile","Brazil","Brazil","Luiz Henrique",89,FALSE,""
"1063","2024-10-15","Brazil","Peru","Brazil","Raphinha",38,TRUE,""
"1064","2024-10-15","Brazil","Peru","Brazil","Raphinha",54,TRUE,""
"1065","2024-10-15","Brazil","Peru","Brazil","Andreas Pereira",71,FALSE,""
"1066","2024-10-15","Brazil","Peru","Brazil","Luiz Henrique",74,FALSE,""
"1067","2024-11-14","Venezuela","Brazil","Brazil","Raphinha",43,FALSE,""
"1068","2024-11-19","Brazil","Uruguay","Brazil","Gerson",62,FALSE,""
"1069","2025-03-20","Brazil","Colombia","Brazil","Raphinha",6,TRUE,""
"1070","2025-03-20","Brazil","Colombia","Brazil","Vinícius Júnior",90,FALSE,""
"1071","2025-03-25","Argentina","Brazil","Brazil","Matheus Cunha",26,FALSE,""
"1072","2025-06-10","Brazil","Paraguay","Brazil","Vinícius Júnior",44,FALSE,""
"1073","2025-09-04","Brazil","Chile","Brazil","Estêvão Willian",38,FALSE,""
"1074","2025-09-04","Brazil","Chile","Brazil","Lucas Paquetá",72,FALSE,""
"1075","2025-09-04","Brazil","Chile","Brazil","Bruno Guimarães",76,FALSE,""
"1076","2026-06-13","Brazil","Morocco","Brazil","Vinícius Júnior",32,FALSE,""
