date,home_team,away_team,team,scorer,minute,own_goal,penalty,torneio
1916-07-08,Brazil,Chile,Brazil,Demóstenes Correia de Syllos,29,FALSE,FALSE,Copa America
1916-07-10,Argentina,Brazil,Brazil,Manoel Alencar Monte,23,FALSE,FALSE,Copa America
1916-07-12,Brazil,Uruguay,Brazil,Arthur Friedenreich,8,FALSE,FALSE,Copa América
1917-10-03,Argentina,Brazil,Brazil,Neco,8,FALSE,FALSE,Copa América
1917-10-03,Argentina,Brazil,Brazil,Silvio Lagreca,39,FALSE,TRUE,Copa América
1917-10-12,Brazil,Chile,Brazil,Caetano Izzo,21,FALSE,FALSE,Copa América
1917-10-12,Brazil,Chile,Brazil,Neco,23,FALSE,FALSE,Copa América
1917-10-12,Brazil,Chile,Brazil,Haroldo Domingues,26,FALSE,FALSE,Copa América
1917-10-12,Brazil,Chile,Brazil,Amílcar Barbuy,41,FALSE,FALSE,Copa América
1917-10-12,Brazil,Chile,Brazil,Haroldo Domingues,59,FALSE,FALSE,Copa América
1919-05-11,Brazil,Chile,Brazil,Arthur Friedenreich,19,FALSE,FALSE,Copa América
1919-05-11,Brazil,Chile,Brazil,Neco,21,FALSE,FALSE,Copa América
1919-05-11,Brazil,Chile,Brazil,Arthur Friedenreich,38,FALSE,FALSE,Copa América
1919-05-11,Brazil,Chile,Brazil,Arthur Friedenreich,76,FALSE,FALSE,Copa América
1919-05-11,Brazil,Chile,Brazil,Haroldo Domingues,79,FALSE,FALSE,Copa América
1919-05-11,Brazil,Chile,Brazil,Neco,83,FALSE,FALSE,Copa América
1919-05-18,Brazil,Argentina,Brazil,Heitor,22,FALSE,FALSE,Copa América
1919-05-18,Brazil,Argentina,Brazil,Amílcar Barbuy,57,FALSE,FALSE,Copa América
1919-05-18,Brazil,Argentina,Brazil,Adolpho Millón Junior,77,FALSE,FALSE,Copa América
1919-05-26,Brazil,Uruguay,Brazil,Neco,29,FALSE,FALSE,Copa América
1919-05-26,Brazil,Uruguay,Brazil,Neco,63,FALSE,FALSE,Copa América
1919-05-29,Brazil,Uruguay,Brazil,Arthur Friedenreich,122,FALSE,FALSE,Copa América
1920-09-11,Chile,Brazil,Brazil,Ismael Alvariza,53,FALSE,FALSE,Copa América
1921-10-12,Brazil,Paraguay,Brazil,Ernesto Duarte Machado da Silva,21,FALSE,FALSE,Copa América
1921-10-12,Brazil,Paraguay,Brazil,Ernesto Duarte Machado da Silva,44,FALSE,FALSE,Copa América
1921-10-12,Brazil,Paraguay,Brazil,Aníbal Médicis Candiota,46,FALSE,FALSE,Copa América
1921-10-23,Brazil,Uruguay,Brazil,José Carlos Guimarães,53,FALSE,FALSE,Copa América
1922-09-17,Brazil,Chile,Brazil,Altino Marcondes,9,FALSE,FALSE,Copa América
1922-09-24,Brazil,Paraguay,Brazil,Amílcar Barbuy,14,FALSE,FALSE,Copa América
1922-10-15,Brazil,Argentina,Brazil,Neco,42,FALSE,FALSE,Copa América
1922-10-15,Brazil,Argentina,Brazil,Amílcar Barbuy,86,FALSE,TRUE,Copa América
1922-11-06,Brazil,Paraguay,Brazil,Neco,11,FALSE,FALSE,Copa América
1922-11-06,Brazil,Paraguay,Brazil,Xavier Camargo,48,FALSE,FALSE,Copa América
1922-11-06,Brazil,Paraguay,Brazil,Xavier Camargo,89,FALSE,FALSE,Copa América
1923-11-18,Argentina,Brazil,Brazil,Nilo Braga,15,FALSE,FALSE,Copa América
1923-11-25,Uruguay,Brazil,Brazil,Nilo Braga,59,FALSE,FALSE,Copa América
1925-12-06,Brazil,Paraguay,Brazil,Anfilogino Marques,16,FALSE,FALSE,Copa América
1925-12-06,Brazil,Paraguay,Brazil,Arthur Friedenreich,18,FALSE,FALSE,Copa América
1925-12-06,Brazil,Paraguay,Brazil,Severino Da Silva,30,FALSE,FALSE,Copa América
1925-12-06,Brazil,Paraguay,Brazil,Severino Da Silva,52,FALSE,FALSE,Copa América
1925-12-06,Brazil,Paraguay,Brazil,Nilo Braga,72,FALSE,FALSE,Copa América
1925-12-13,Argentina,Brazil,Brazil,Nilo Braga,22,FALSE,FALSE,Copa América
1925-12-17,Brazil,Paraguay,Brazil,Nilo Braga,30,FALSE,FALSE,Copa América
1925-12-17,Brazil,Paraguay,Brazil,Severino Da Silva,57,FALSE,FALSE,Copa América
1925-12-17,Brazil,Paraguay,Brazil,Severino Da Silva,61,FALSE,FALSE,Copa América
1925-12-25,Argentina,Brazil,Brazil,Arthur Friedenreich,27,FALSE,FALSE,Copa América
1925-12-25,Argentina,Brazil,Brazil,Nilo Braga,30,FALSE,FALSE,Copa América
1930-07-14,Brazil,Yugoslavia,Brazil,Preguinho,62,FALSE,FALSE,FIFA World Cup
1930-07-20,Bolivia,Brazil,Brazil,Moderato Wisintainer,37,FALSE,FALSE,FIFA World Cup
1930-07-20,Bolivia,Brazil,Brazil,Preguinho,57,FALSE,FALSE,FIFA World Cup
1930-07-20,Bolivia,Brazil,Brazil,Moderato Wisintainer,73,FALSE,FALSE,FIFA World Cup
1930-07-20,Bolivia,Brazil,Brazil,Preguinho,83,FALSE,FALSE,FIFA World Cup
1934-05-27,Brazil,Spain,Brazil,Leônidas,55,FALSE,FALSE,FIFA World Cup
1936-12-27,Brazil,Peru,Brazil,Roberto Emílio da Cunha,7,FALSE,FALSE,Copa América
1936-12-27,Brazil,Peru,Brazil,Afonso Guimarães da Silva,30,FALSE,FALSE,Copa América
1936-12-27,Brazil,Peru,Brazil,Niginho,57,FALSE,FALSE,Copa América
1937-01-03,Brazil,Chile,Brazil,Patesko,2,FALSE,FALSE,Copa América
1937-01-03,Brazil,Chile,Brazil,Carvalho Leite,6,FALSE,FALSE,Copa América
1937-01-03,Brazil,Chile,Brazil,Patesko,26,FALSE,FALSE,Copa América
1937-01-03,Brazil,Chile,Brazil,Luíz Mesquita de Oliveira,35,FALSE,FALSE,Copa América
1937-01-03,Brazil,Chile,Brazil,Luíz Mesquita de Oliveira,40,FALSE,FALSE,Copa América
1937-01-03,Brazil,Chile,Brazil,Roberto Emílio da Cunha,68,FALSE,FALSE,Copa América
1937-01-13,Brazil,Paraguay,Brazil,Patesko,31,FALSE,FALSE,Copa América
1937-01-13,Brazil,Paraguay,Brazil,Luíz Mesquita de Oliveira,42,FALSE,FALSE,Copa América
1937-01-13,Brazil,Paraguay,Brazil,Luíz Mesquita de Oliveira,51,FALSE,FALSE,Copa América
1937-01-13,Brazil,Paraguay,Brazil,Carvalho Leite,59,FALSE,FALSE,Copa América
1937-01-13,Brazil,Paraguay,Brazil,Patesko,67,FALSE,FALSE,Copa América
1937-01-19,Brazil,Uruguay,Brazil,Carvalho Leite,36,FALSE,FALSE,Copa América
1937-01-19,Brazil,Uruguay,Brazil,Antônio Almeida,72,FALSE,FALSE,Copa América
1937-01-19,Brazil,Uruguay,Brazil,Niginho,77,FALSE,FALSE,Copa América
1938-06-05,Brazil,Poland,Brazil,Leônidas da Silva,18,FALSE,FALSE,Copa América
1938-06-05,Brazil,Poland,Brazil,Romeu Pellicciari,25,FALSE,FALSE,Copa América
1938-06-05,Brazil,Poland,Brazil,José Perácio,44,FALSE,FALSE,Copa América
1938-06-05,Brazil,Poland,Brazil,José Perácio,71,FALSE,FALSE,Copa América
1938-06-05,Brazil,Poland,Brazil,Leônidas da Silva,93,FALSE,FALSE,Copa América
1938-06-05,Brazil,Poland,Brazil,Leônidas da Silva,104,FALSE,FALSE,Copa América
1938-06-12,Brazil,Czechoslovakia,Brazil,Leônidas da Silva,30,FALSE,FALSE,Copa América
1938-06-14,Brazil,Czechoslovakia,Brazil,Leônidas da Silva,57,FALSE,FALSE,Copa América
1938-06-14,Brazil,Czechoslovakia,Brazil,Roberto Emílio da Cunha,62,FALSE,FALSE,Copa América
1938-06-16,Brazil,Italy,Brazil,Romeu Pellicciari,87,FALSE,FALSE,Copa América
1938-06-19,Brazil,Sweden,Brazil,Romeu Pellicciari,44,FALSE,FALSE,Copa América
1938-06-19,Brazil,Sweden,Brazil,Leônidas da Silva,63,FALSE,FALSE,Copa América
1938-06-19,Brazil,Sweden,Brazil,Leônidas da Silva,74,FALSE,FALSE,Copa América
1938-06-19,Brazil,Sweden,Brazil,José Perácio,80,FALSE,FALSE,Copa América
1942-01-14,Brazil,Chile,Brazil,Patesko,1,FALSE,FALSE,Copa América
1942-01-14,Brazil,Chile,Brazil,Sylvio Pirillo,23,FALSE,FALSE,Copa América
1942-01-14,Brazil,Chile,Brazil,Sylvio Pirillo,63,FALSE,FALSE,Copa América
1942-01-14,Brazil,Chile,Brazil,Cláudio Christovam de Pinho,66,FALSE,FALSE,Copa América
1942-01-14,Brazil,Chile,Brazil,Patesko,78,FALSE,FALSE,Copa América
1942-01-14,Brazil,Chile,Brazil,Sylvio Pirillo,86,FALSE,FALSE,Copa América
1942-01-17,Argentina,Brazil,Brazil,Servílio de Jesús,37,FALSE,FALSE,Copa América
1942-01-21,Brazil,Peru,Brazil,Pedro Amorim,43,FALSE,FALSE,Copa América
1942-01-21,Brazil,Peru,Brazil,Pedro Amorim,56,FALSE,FALSE,Copa América
1942-01-31,Brazil,Ecuador,Brazil,Elba de Padua Lima,10,FALSE,FALSE,Copa América
1942-01-31,Brazil,Ecuador,Brazil,Sylvio Pirillo,12,FALSE,FALSE,Copa América
1942-01-31,Brazil,Ecuador,Brazil,Sylvio Pirillo,29,FALSE,FALSE,Copa América
1942-01-31,Brazil,Ecuador,Brazil,Zizinho,60,FALSE,FALSE,Copa América
1942-01-31,Brazil,Ecuador,Brazil,Sylvio Pirillo,76,FALSE,FALSE,Copa América
1942-02-05,Brazil,Paraguay,Brazil,Zizinho,5,FALSE,FALSE,Copa América
1945-01-21,Brazil,Colombia,Brazil,Jorge Ceciliano,13,FALSE,FALSE,Copa América
1945-01-21,Brazil,Colombia,Brazil,Heleno de Freitas,15,FALSE,FALSE,Copa América
1945-01-21,Brazil,Colombia,Brazil,Jaime de Almeida,38,FALSE,FALSE,Copa América
1945-01-28,Bolivia,Brazil,Brazil,Ademir de Menezes,48,FALSE,FALSE,Copa América
1945-01-28,Bolivia,Brazil,Brazil,Tesourinha,80,FALSE,FALSE,Copa América
1945-02-07,Brazil,Uruguay,Brazil,Heleno de Freitas,8,FALSE,FALSE,Copa América
1945-02-07,Brazil,Uruguay,Brazil,Rui Campos,20,FALSE,FALSE,Copa América
1945-02-07,Brazil,Uruguay,Brazil,Heleno de Freitas,32,FALSE,FALSE,Copa América
1945-02-15,Argentina,Brazil,Brazil,Ademir de Menezes,32,FALSE,FALSE,Copa América
1945-02-21,Brazil,Ecuador,Brazil,Ademir de Menezes,3,FALSE,FALSE,Copa América
1945-02-21,Brazil,Ecuador,Brazil,Ademir de Menezes,10,FALSE,FALSE,Copa América
1945-02-21,Brazil,Ecuador,Brazil,Heleno de Freitas,22,FALSE,FALSE,Copa América
1945-02-21,Brazil,Ecuador,Brazil,Heleno de Freitas,28,FALSE,FALSE,Copa América
1945-02-21,Brazil,Ecuador,Brazil,Zizinho,40,FALSE,FALSE,Copa América
1945-02-21,Brazil,Ecuador,Brazil,Zizinho,65,FALSE,FALSE,Copa América
1945-02-21,Brazil,Ecuador,Brazil,Jair,67,FALSE,FALSE,Copa América
1945-02-21,Brazil,Ecuador,Brazil,Jair,68,FALSE,FALSE,Copa América
1945-02-21,Brazil,Ecuador,Brazil,Ademir de Menezes,75,FALSE,FALSE,Copa América
1945-02-28,Chile,Brazil,Brazil,Heleno de Freitas,20,FALSE,FALSE,Copa América
1946-01-16,Bolivia,Brazil,Brazil,Heleno de Freitas,47,FALSE,FALSE,Copa América
1946-01-16,Bolivia,Brazil,Brazil,Zizinho,65,FALSE,FALSE,Copa América
1946-01-16,Bolivia,Brazil,Brazil,Heleno de Freitas,78,FALSE,FALSE,Copa América
1946-01-23,Brazil,Uruguay,Brazil,Jair,1,FALSE,FALSE,Copa América
1946-01-23,Brazil,Uruguay,Brazil,Jair,16,FALSE,FALSE,Copa América
1946-01-23,Brazil,Uruguay,Brazil,Heleno de Freitas,39,FALSE,FALSE,Copa América
1946-01-23,Brazil,Uruguay,Brazil,Chico,44,FALSE,FALSE,Copa América
1946-01-29,Brazil,Paraguay,Brazil,Norival Pereira Da Silva,63,FALSE,FALSE,Copa América
1946-02-03,Brazil,Chile,Brazil,Zizinho,4,FALSE,FALSE,Copa América
1946-02-03,Brazil,Chile,Brazil,Zizinho,41,FALSE,FALSE,Copa América
1946-02-03,Brazil,Chile,Brazil,Zizinho,46,FALSE,FALSE,Copa América
1946-02-03,Brazil,Chile,Brazil,Zizinho,71,FALSE,FALSE,Copa América
1946-02-03,Brazil,Chile,Brazil,Chico,89,FALSE,FALSE,Copa América
1949-04-03,Brazil,Ecuador,Brazil,Tesourinha,3,FALSE,FALSE,Copa América
1949-04-03,Brazil,Ecuador,Brazil,Octavio Sergio da Costa,10,FALSE,FALSE,Copa América
1949-04-03,Brazil,Ecuador,Brazil,Jair,13,FALSE,FALSE,Copa América
1949-04-03,Brazil,Ecuador,Brazil,Simão,16,FALSE,FALSE,Copa América
1949-04-03,Brazil,Ecuador,Brazil,Simão,25,FALSE,FALSE,Copa América
1949-04-03,Brazil,Ecuador,Brazil,Jair,35,FALSE,FALSE,Copa América
1949-04-03,Brazil,Ecuador,Brazil,Tesourinha,42,FALSE,FALSE,Copa América
1949-04-03,Brazil,Ecuador,Brazil,Zizinho,67,FALSE,FALSE,Copa América
1949-04-03,Brazil,Ecuador,Brazil,Ademir de Menezes,88,FALSE,FALSE,Copa América
1949-04-10,Brazil,Bolivia,Brazil,Nininho,16,FALSE,FALSE,Copa América
1949-04-10,Brazil,Bolivia,Brazil,Jair,17,FALSE,FALSE,Copa América
1949-04-10,Brazil,Bolivia,Brazil,Zizinho,25,FALSE,FALSE,Copa América
1949-04-10,Brazil,Bolivia,Brazil,Nininho,39,FALSE,FALSE,Copa América
1949-04-10,Brazil,Bolivia,Brazil,Cláudio Christovam de Pinho,49,FALSE,FALSE,Copa América
1949-04-10,Brazil,Bolivia,Brazil,Simão,71,FALSE,FALSE,Copa América
1949-04-10,Brazil,Bolivia,Brazil,Simão,79,FALSE,FALSE,Copa América
1949-04-10,Brazil,Bolivia,Brazil,Zizinho,80,FALSE,FALSE,Copa América
1949-04-10,Brazil,Bolivia,Brazil,Cláudio Christovam de Pinho,84,FALSE,FALSE,Copa América
1949-04-10,Brazil,Bolivia,Brazil,Nininho,86,FALSE,FALSE,Copa América
1949-04-13,Brazil,Chile,Brazil,Zizinho,20,FALSE,FALSE,Copa América
1949-04-13,Brazil,Chile,Brazil,Cláudio Christovam de Pinho,49,FALSE,TRUE,Copa América
1949-04-17,Brazil,Colombia,Brazil,Tesourinha,20,FALSE,FALSE,Copa América
1949-04-17,Brazil,Colombia,Brazil,Millón Medeiros,24,FALSE,TRUE,Copa América
1949-04-17,Brazil,Colombia,Brazil,Orlando de Azevedo Viarina,44,FALSE,FALSE,Copa América
1949-04-17,Brazil,Colombia,Brazil,Ademir de Menezes,47,FALSE,FALSE,Copa América
1949-04-17,Brazil,Colombia,Brazil,Ademir de Menezes,87,FALSE,FALSE,Copa América
1949-04-24,Brazil,Peru,Brazil,Gerardo Arce,11,TRUE,FALSE,Copa América
1949-04-24,Brazil,Peru,Brazil,Augusto da Costa,15,FALSE,FALSE,Copa América
1949-04-24,Brazil,Peru,Brazil,Jair,17,FALSE,FALSE,Copa América
1949-04-24,Brazil,Peru,Brazil,Jair,20,FALSE,FALSE,Copa América
1949-04-24,Brazil,Peru,Brazil,Simão,54,FALSE,FALSE,Copa América
1949-04-24,Brazil,Peru,Brazil,Ademir de Menezes,82,FALSE,FALSE,Copa América
1949-04-24,Brazil,Peru,Brazil,Orlando de Azevedo Viarina,88,FALSE,FALSE,Copa América
1949-04-30,Brazil,Uruguay,Brazil,Jair,15,FALSE,FALSE,Copa América
1949-04-30,Brazil,Uruguay,Brazil,Zizinho,24,FALSE,FALSE,Copa América
1949-04-30,Brazil,Uruguay,Brazil,Jair,40,FALSE,TRUE,Copa América
1949-04-30,Brazil,Uruguay,Brazil,Danilo Alvim,79,FALSE,FALSE,Copa América
1949-04-30,Brazil,Uruguay,Brazil,Tesourinha,89,FALSE,TRUE,Copa América
1949-05-08,Brazil,Paraguay,Brazil,Tesourinha,33,FALSE,FALSE,Copa América
1949-05-11,Brazil,Paraguay,Brazil,Ademir de Menezes,17,FALSE,FALSE,Copa América
1949-05-11,Brazil,Paraguay,Brazil,Ademir de Menezes,27,FALSE,FALSE,Copa América
1949-05-11,Brazil,Paraguay,Brazil,Tesourinha,43,FALSE,FALSE,Copa América
1949-05-11,Brazil,Paraguay,Brazil,Ademir de Menezes,48,FALSE,FALSE,Copa América
1949-05-11,Brazil,Paraguay,Brazil,Tesourinha,70,FALSE,FALSE,Copa América
1949-05-11,Brazil,Paraguay,Brazil,Jair,72,FALSE,FALSE,Copa América
1949-05-11,Brazil,Paraguay,Brazil,Jair,89,FALSE,FALSE,Copa América
1950-06-24,Brazil,Mexico,Brazil,Ademir de Menezes,30,FALSE,FALSE,FIFA World Cup
1950-06-24,Brazil,Mexico,Brazil,Jair,65,FALSE,FALSE,FIFA World Cup
1950-06-24,Brazil,Mexico,Brazil,Baltazar,71,FALSE,FALSE,FIFA World Cup
1950-06-24,Brazil,Mexico,Brazil,Ademir de Menezes,79,FALSE,FALSE,FIFA World Cup
1950-06-28,Brazil,Switzerland,Brazil,Alfredo dos Santos,3,FALSE,FALSE,FIFA World Cup
1950-06-28,Brazil,Switzerland,Brazil,Baltazar,32,FALSE,FALSE,FIFA World Cup
1950-07-01,Brazil,Yugoslavia,Brazil,Ademir de Menezes,4,FALSE,FALSE,FIFA World Cup
1950-07-01,Brazil,Yugoslavia,Brazil,Thomaz Soares da Silva,69,FALSE,FALSE,FIFA World Cup
1950-07-09,Brazil,Sweden,Brazil,Ademir de Menezes,17,FALSE,FALSE,FIFA World Cup
1950-07-09,Brazil,Sweden,Brazil,Ademir de Menezes,36,FALSE,FALSE,FIFA World Cup
1950-07-09,Brazil,Sweden,Brazil,Chico,39,FALSE,FALSE,FIFA World Cup
1950-07-09,Brazil,Sweden,Brazil,Ademir de Menezes,52,FALSE,FALSE,FIFA World Cup
1950-07-09,Brazil,Sweden,Brazil,Ademir de Menezes,58,FALSE,FALSE,FIFA World Cup
1950-07-09,Brazil,Sweden,Brazil,Maneca,85,FALSE,FALSE,FIFA World Cup
1950-07-09,Brazil,Sweden,Brazil,Chico,88,FALSE,FALSE,FIFA World Cup
1950-07-13,Brazil,Spain,Brazil,Ademir de Menezes,15,FALSE,FALSE,FIFA World Cup
1950-07-13,Brazil,Spain,Brazil,Jair,21,FALSE,FALSE,FIFA World Cup
1950-07-13,Brazil,Spain,Brazil,Chico,31,FALSE,FALSE,FIFA World Cup
1950-07-13,Brazil,Spain,Brazil,Chico,55,FALSE,FALSE,FIFA World Cup
1950-07-13,Brazil,Spain,Brazil,Ademir de Menezes,57,FALSE,FALSE,FIFA World Cup
1950-07-13,Brazil,Spain,Brazil,Thomaz Soares da Silva,67,FALSE,FALSE,FIFA World Cup
1950-07-16,Brazil,Uruguay,Brazil,Friaça,47,FALSE,FALSE,FIFA World Cup
1953-03-01,Bolivia,Brazil,Brazil,Júlio Botelho,18,FALSE,FALSE,Copa América
1953-03-01,Bolivia,Brazil,Brazil,Júlio Botelho,20,FALSE,FALSE,Copa América
1953-03-01,Bolivia,Brazil,Brazil,Francisco Rodrigues,25,FALSE,FALSE,Copa América
1953-03-01,Bolivia,Brazil,Brazil,Pinga,39,FALSE,FALSE,Copa América
1953-03-01,Bolivia,Brazil,Brazil,Júlio Botelho,42,FALSE,FALSE,Copa América
1953-03-01,Bolivia,Brazil,Brazil,Francisco Rodrigues,44,FALSE,FALSE,Copa América
1953-03-01,Bolivia,Brazil,Brazil,Júlio Botelho,52,FALSE,FALSE,Copa América
1953-03-01,Bolivia,Brazil,Brazil,Pinga,60,FALSE,FALSE,Copa América
1953-03-12,Brazil,Ecuador,Brazil,Ademir de Menezes,18,FALSE,FALSE,Copa América
1953-03-12,Brazil,Ecuador,Brazil,Cláudio Christovam de Pinho,55,FALSE,FALSE,Copa América
1953-03-15,Brazil,Uruguay,Brazil,Ipojucan Lins de Araújo,87,FALSE,FALSE,Copa América
1953-03-23,Brazil,Chile,Brazil,Júlio Botelho,1,FALSE,FALSE,Copa América
1953-03-23,Brazil,Chile,Brazil,Zizinho,53,FALSE,FALSE,Copa América
1953-03-23,Brazil,Chile,Brazil,Baltazar,70,FALSE,FALSE,Copa América
1953-03-27,Brazil,Paraguay,Brazil,Nílton Santos,12,FALSE,FALSE,Copa América
1953-04-01,Brazil,Paraguay,Brazil,Baltazar,56,FALSE,FALSE,Copa América
1953-04-01,Brazil,Paraguay,Brazil,Baltazar,65,FALSE,FALSE,Copa América
1954-02-28,Chile,Brazil,Brazil,Baltazar,38,FALSE,FALSE,FIFA World Cup qualification
1954-02-28,Chile,Brazil,Brazil,Baltazar,63,FALSE,FALSE,FIFA World Cup qualification
1954-03-07,Paraguay,Brazil,Brazil,Baltazar,52,FALSE,FALSE,FIFA World Cup qualification
1954-03-14,Brazil,Chile,Brazil,Baltazar,35,FALSE,FALSE,FIFA World Cup qualification
1954-03-21,Brazil,Paraguay,Brazil,Júlio Botelho,60,FALSE,FALSE,FIFA World Cup qualification
1954-03-21,Brazil,Paraguay,Brazil,Baltazar,62,FALSE,FALSE,FIFA World Cup qualification
1954-03-21,Brazil,Paraguay,Brazil,Júlio Botelho,85,FALSE,FALSE,FIFA World Cup qualification
1954-03-21,Brazil,Paraguay,Brazil,Maurinho,90,FALSE,FALSE,FIFA World Cup qualification
1954-06-16,Brazil,Mexico,Brazil,Baltazar,23,FALSE,FALSE,FIFA World Cup
1954-06-16,Brazil,Mexico,Brazil,Didi,30,FALSE,FALSE,FIFA World Cup
1954-06-16,Brazil,Mexico,Brazil,Pinga,34,FALSE,FALSE,FIFA World Cup
1954-06-16,Brazil,Mexico,Brazil,Pinga,43,FALSE,FALSE,FIFA World Cup
1954-06-16,Brazil,Mexico,Brazil,Julinho,69,FALSE,FALSE,FIFA World Cup
1954-06-19,Brazil,Yugoslavia,Brazil,Didi,69,FALSE,FALSE,FIFA World Cup
1954-06-27,Brazil,Hungary,Brazil,Djalma Santos,18,FALSE,TRUE,FIFA World Cup
1954-06-27,Brazil,Hungary,Brazil,Júlio Botelho,65,FALSE,FALSE,FIFA World Cup
1956-01-24,Brazil,Chile,Brazil,Maurinho,38,FALSE,FALSE,Copa América
1956-02-01,Brazil,Peru,Brazil,Alvaro José Rodrigues Valente,10,FALSE,FALSE,Copa América
1956-02-01,Brazil,Peru,Brazil,Moysés Ferreira Alves,80,FALSE,FALSE,Copa América
1956-02-05,Argentina,Brazil,Brazil,Luís Trochillo,88,FALSE,FALSE,Copa América
1957-03-13,Brazil,Chile,Brazil,Didi,20,FALSE,FALSE,Copa América
1957-03-13,Brazil,Chile,Brazil,Didi,26,FALSE,FALSE,Copa América
1957-03-13,Brazil,Chile,Brazil,Didi,44,FALSE,FALSE,Copa América
1957-03-13,Brazil,Chile,Brazil,José Macia,46,FALSE,FALSE,Copa América
1957-03-21,Brazil,Ecuador,Brazil,Evaristo de Macedo,22,FALSE,FALSE,Copa América
1957-03-21,Brazil,Ecuador,Brazil,José Macia,25,FALSE,FALSE,Copa América
1957-03-21,Brazil,Ecuador,Brazil,Zizinho,34,FALSE,TRUE,Copa América
1957-03-21,Brazil,Ecuador,Brazil,Joel Antônio Martins,43,FALSE,FALSE,Copa América
1957-03-21,Brazil,Ecuador,Brazil,Joel Antônio Martins,68,FALSE,FALSE,Copa América
1957-03-21,Brazil,Ecuador,Brazil,Didi,78,FALSE,FALSE,Copa América
1957-03-21,Brazil,Ecuador,Brazil,Evaristo de Macedo,89,FALSE,FALSE,Copa América
1957-03-24,Brazil,Colombia,Brazil,José Macia,27,FALSE,FALSE,Copa América
1957-03-24,Brazil,Colombia,Brazil,Evaristo de Macedo,41,FALSE,FALSE,Copa América
1957-03-24,Brazil,Colombia,Brazil,Evaristo de Macedo,44,FALSE,FALSE,Copa América
1957-03-24,Brazil,Colombia,Brazil,Evaristo de Macedo,45,FALSE,FALSE,Copa América
1957-03-24,Brazil,Colombia,Brazil,Didi,50,FALSE,FALSE,Copa América
1957-03-24,Brazil,Colombia,Brazil,Didi,60,FALSE,FALSE,Copa América
1957-03-24,Brazil,Colombia,Brazil,Evaristo de Macedo,75,FALSE,FALSE,Copa América
1957-03-24,Brazil,Colombia,Brazil,Zizinho,85,FALSE,FALSE,Copa América
1957-03-24,Brazil,Colombia,Brazil,Evaristo de Macedo,86,FALSE,FALSE,Copa América
1957-03-28,Brazil,Uruguay,Brazil,Evaristo de Macedo,68,FALSE,FALSE,Copa América
1957-03-28,Brazil,Uruguay,Brazil,Didi,70,FALSE,FALSE,Copa América
1957-03-31,Peru,Brazil,Brazil,Didi,73,FALSE,TRUE,Copa América
1957-04-13,Peru,Brazil,Brazil,Aluísio Francisco da Luz,47,FALSE,FALSE,FIFA World Cup qualification
1957-04-21,Brazil,Peru,Brazil,Valdir Pereira,11,FALSE,FALSE,FIFA World Cup qualification
1958-06-08,Austria,Brazil,Brazil,José Altafini,37,FALSE,FALSE,FIFA World Cup
1958-06-08,Austria,Brazil,Brazil,Nílton Santos,50,FALSE,FALSE,FIFA World Cup
1958-06-08,Austria,Brazil,Brazil,José Altafini,85,FALSE,FALSE,FIFA World Cup
1958-06-15,Brazil,Russia,Brazil,Vavá,3,FALSE,FALSE,FIFA World Cup
1958-06-15,Brazil,Russia,Brazil,Vavá,77,FALSE,FALSE,FIFA World Cup
1958-06-19,Brazil,Wales,Brazil,Pelé,66,FALSE,FALSE,FIFA World Cup
1958-06-24,Brazil,France,Brazil,Vavá,2,FALSE,FALSE,FIFA World Cup
1958-06-24,Brazil,France,Brazil,Didi,39,FALSE,FALSE,FIFA World Cup
1958-06-24,Brazil,France,Brazil,Pelé,52,FALSE,FALSE,FIFA World Cup
1958-06-24,Brazil,France,Brazil,Pelé,64,FALSE,FALSE,FIFA World Cup
1958-06-24,Brazil,France,Brazil,Pelé,75,FALSE,FALSE,FIFA World Cup
1958-06-29,Sweden,Brazil,Brazil,Vavá,9,FALSE,FALSE,FIFA World Cup
1958-06-29,Sweden,Brazil,Brazil,Vavá,32,FALSE,FALSE,FIFA World Cup
1958-06-29,Sweden,Brazil,Brazil,Pelé,55,FALSE,FALSE,FIFA World Cup
1958-06-29,Sweden,Brazil,Brazil,Mário Zagallo,68,FALSE,FALSE,FIFA World Cup
1958-06-29,Sweden,Brazil,Brazil,Pelé,90,FALSE,FALSE,FIFA World Cup
1959-03-10,Brazil,Peru,Brazil,Didi,24,FALSE,FALSE,Copa América
1959-03-10,Brazil,Peru,Brazil,Pelé,48,FALSE,FALSE,Copa América
1959-03-15,Brazil,Chile,Brazil,Pelé,43,FALSE,FALSE,Copa América
1959-03-15,Brazil,Chile,Brazil,Pelé,45,FALSE,FALSE,Copa América
1959-03-15,Brazil,Chile,Brazil,Didi,89,FALSE,FALSE,Copa América
1959-03-21,Bolivia,Brazil,Brazil,Pelé,16,FALSE,FALSE,Copa América
1959-03-21,Bolivia,Brazil,Brazil,Paulo Valentim,18,FALSE,FALSE,Copa América
1959-03-21,Bolivia,Brazil,Brazil,Paulo Valentim,26,FALSE,FALSE,Copa América
1959-03-21,Bolivia,Brazil,Brazil,Didi,89,FALSE,FALSE,Copa América
1959-03-26,Brazil,Uruguay,Brazil,Paulo Valentim,62,FALSE,FALSE,Copa América
1959-03-26,Brazil,Uruguay,Brazil,Paulo Valentim,80,FALSE,FALSE,Copa América
1959-03-26,Brazil,Uruguay,Brazil,Paulo Valentim,89,FALSE,FALSE,Copa América
1959-03-29,Brazil,Paraguay,Brazil,Pelé,25,FALSE,FALSE,Copa América
1959-03-29,Brazil,Paraguay,Brazil,Pelé,31,FALSE,FALSE,Copa América
1959-03-29,Brazil,Paraguay,Brazil,Chinesinho,35,FALSE,FALSE,Copa América
1959-03-29,Brazil,Paraguay,Brazil,Pelé,63,FALSE,FALSE,Copa América
1959-04-04,Argentina,Brazil,Brazil,Pelé,58,FALSE,FALSE,Copa América
1959-12-05,Brazil,Paraguay,Brazil,Paulo Pisaneschi,25,FALSE,FALSE,Copa América
1959-12-05,Brazil,Paraguay,Brazil,Paulo Pisaneschi,39,FALSE,FALSE,Copa América
1959-12-05,Brazil,Paraguay,Brazil,Paulo Pisaneschi,55,FALSE,FALSE,Copa América
1959-12-19,Ecuador,Brazil,Brazil,Paulo Pisaneschi,23,FALSE,FALSE,Copa América
1959-12-19,Ecuador,Brazil,Brazil,Geraldo José da Silva,42,FALSE,FALSE,Copa América
1959-12-19,Ecuador,Brazil,Brazil,Zé de Mello,45,FALSE,FALSE,Copa América
1959-12-22,Argentina,Brazil,Brazil,Geraldo José da Silva,64,FALSE,FALSE,Copa América
1962-05-30,Brazil,Mexico,Brazil,Mário Zagallo,56,FALSE,FALSE,FIFA World Cup
1962-05-30,Brazil,Mexico,Brazil,Pelé,73,FALSE,FALSE,FIFA World Cup
1962-06-06,Brazil,Spain,Brazil,Amarildo Tavares da Silveira,72,FALSE,FALSE,FIFA World Cup
1962-06-06,Brazil,Spain,Brazil,Amarildo Tavares da Silveira,86,FALSE,FALSE,FIFA World Cup
1962-06-10,Brazil,England,Brazil,Garrincha,31,FALSE,FALSE,FIFA World Cup
1962-06-10,Brazil,England,Brazil,Vavá,53,FALSE,FALSE,FIFA World Cup
1962-06-10,Brazil,England,Brazil,Garrincha,59,FALSE,FALSE,FIFA World Cup
1962-06-13,Chile,Brazil,Brazil,Garrincha,9,FALSE,FALSE,FIFA World Cup
1962-06-13,Chile,Brazil,Brazil,Garrincha,32,FALSE,FALSE,FIFA World Cup
1962-06-13,Chile,Brazil,Brazil,Vavá,47,FALSE,FALSE,FIFA World Cup
1962-06-13,Chile,Brazil,Brazil,Vavá,78,FALSE,FALSE,FIFA World Cup
1962-06-17,Brazil,Czechoslovakia,Brazil,Amarildo Tavares da Silveira,17,FALSE,FALSE,FIFA World Cup
1962-06-17,Brazil,Czechoslovakia,Brazil,Zito,69,FALSE,FALSE,FIFA World Cup
1962-06-17,Brazil,Czechoslovakia,Brazil,Vavá,78,FALSE,FALSE,FIFA World Cup
1963-03-10,Brazil,Peru,Brazil,Flávio Minuano,16,FALSE,FALSE,Copa América
1963-03-14,Brazil,Colombia,Brazil,Flávio Minuano,7,FALSE,FALSE,Copa América
1963-03-14,Brazil,Colombia,Brazil,Marco Antônio García Alves,31,FALSE,FALSE,Copa América
1963-03-14,Brazil,Colombia,Brazil,Oswaldo Taurisano,56,FALSE,FALSE,Copa América
1963-03-14,Brazil,Colombia,Brazil,Flávio Minuano,82,FALSE,FALSE,Copa América
1963-03-14,Brazil,Colombia,Brazil,Fernando Consul,83,FALSE,FALSE,Copa América
1963-03-27,Brazil,Ecuador,Brazil,Oswaldo Taurisano,5,FALSE,FALSE,Copa América
1963-03-27,Brazil,Ecuador,Brazil,Oswaldo Taurisano,60,FALSE,FALSE,Copa América
1963-03-31,Bolivia,Brazil,Brazil,Marco Antônio García Alves,26,FALSE,FALSE,Copa América
1963-03-31,Bolivia,Brazil,Brazil,Almir Da Silva,28,FALSE,FALSE,Copa América
1963-03-31,Bolivia,Brazil,Brazil,Flávio Minuano,63,FALSE,FALSE,Copa América
1963-03-31,Bolivia,Brazil,Brazil,Flávio Minuano,66,FALSE,FALSE,Copa América
1966-07-12,Brazil,Bulgaria,Brazil,Pelé,15,FALSE,FALSE,FIFA World Cup
1966-07-12,Brazil,Bulgaria,Brazil,Garrincha,63,FALSE,FALSE,FIFA World Cup
1966-07-15,Brazil,Hungary,Brazil,Tostão,14,FALSE,FALSE,FIFA World Cup
1966-07-19,Brazil,Portugal,Brazil,Rildo da Costa Menezes,73,FALSE,FALSE,FIFA World Cup
1969-08-06,Colombia,Brazil,Brazil,Tostão,37,FALSE,FALSE,FIFA World Cup qualification
1969-08-06,Colombia,Brazil,Brazil,Tostão,44,FALSE,FALSE,FIFA World Cup qualification
1969-08-10,Venezuela,Brazil,Brazil,Tostão,60,FALSE,FALSE,FIFA World Cup qualification
1969-08-10,Venezuela,Brazil,Brazil,Pelé,71,FALSE,FALSE,FIFA World Cup qualification
1969-08-10,Venezuela,Brazil,Brazil,Tostão,72,FALSE,FALSE,FIFA World Cup qualification
1969-08-10,Venezuela,Brazil,Brazil,Tostão,74,FALSE,FALSE,FIFA World Cup qualification
1969-08-10,Venezuela,Brazil,Brazil,Pelé,75,FALSE,FALSE,FIFA World Cup qualification
1969-08-17,Paraguay,Brazil,Brazil,Valentín Mendoza,70,TRUE,FALSE,FIFA World Cup qualification
1969-08-17,Paraguay,Brazil,Brazil,Jairzinho,81,FALSE,FALSE,FIFA World Cup qualification
1969-08-17,Paraguay,Brazil,Brazil,Eduardo Antunes Coimbra,90,FALSE,FALSE,FIFA World Cup qualification
1969-08-21,Brazil,Colombia,Brazil,Tostão,15,FALSE,FALSE,FIFA World Cup qualification
1969-08-21,Brazil,Colombia,Brazil,Tostão,40,FALSE,FALSE,FIFA World Cup qualification
1969-08-21,Brazil,Colombia,Brazil,Eduardo Antunes Coimbra,48,FALSE,FALSE,FIFA World Cup qualification
1969-08-21,Brazil,Colombia,Brazil,Pelé,60,FALSE,FALSE,FIFA World Cup qualification
1969-08-21,Brazil,Colombia,Brazil,Rivellino,86,FALSE,FALSE,FIFA World Cup qualification
1969-08-21,Brazil,Colombia,Brazil,Jairzinho,88,FALSE,FALSE,FIFA World Cup qualification
1969-08-24,Brazil,Venezuela,Brazil,Tostão,3,FALSE,FALSE,FIFA World Cup qualification
1969-08-24,Brazil,Venezuela,Brazil,Tostão,22,FALSE,FALSE,FIFA World Cup qualification
1969-08-24,Brazil,Venezuela,Brazil,Tostão,24,FALSE,FALSE,FIFA World Cup qualification
1969-08-24,Brazil,Venezuela,Brazil,Jairzinho,30,FALSE,FALSE,FIFA World Cup qualification
1969-08-24,Brazil,Venezuela,Brazil,Pelé,45,FALSE,FALSE,FIFA World Cup qualification
1969-08-24,Brazil,Venezuela,Brazil,Pelé,69,FALSE,FALSE,FIFA World Cup qualification
1969-08-31,Brazil,Paraguay,Brazil,Pelé,68,FALSE,FALSE,FIFA World Cup qualification
1970-06-03,Brazil,Czechoslovakia,Brazil,Rivellino,24,FALSE,FALSE,FIFA World Cup
1970-06-03,Brazil,Czechoslovakia,Brazil,Pelé,59,FALSE,FALSE,FIFA World Cup
1970-06-03,Brazil,Czechoslovakia,Brazil,Jairzinho,61,FALSE,FALSE,FIFA World Cup
1970-06-03,Brazil,Czechoslovakia,Brazil,Jairzinho,83,FALSE,FALSE,FIFA World Cup
1970-06-07,Brazil,England,Brazil,Jairzinho,59,FALSE,FALSE,FIFA World Cup
1970-06-10,Brazil,Romania,Brazil,Pelé,19,FALSE,FALSE,FIFA World Cup
1970-06-10,Brazil,Romania,Brazil,Jairzinho,22,FALSE,FALSE,FIFA World Cup
1970-06-10,Brazil,Romania,Brazil,Pelé,67,FALSE,FALSE,FIFA World Cup
1970-06-14,Brazil,Peru,Brazil,Rivellino,11,FALSE,FALSE,FIFA World Cup
1970-06-14,Brazil,Peru,Brazil,Tostão,15,FALSE,FALSE,FIFA World Cup
1970-06-14,Brazil,Peru,Brazil,Tostão,52,FALSE,FALSE,FIFA World Cup
1970-06-14,Brazil,Peru,Brazil,Jairzinho,75,FALSE,FALSE,FIFA World Cup
1970-06-17,Brazil,Uruguay,Brazil,Clodoaldo,44,FALSE,FALSE,FIFA World Cup
1970-06-17,Brazil,Uruguay,Brazil,Jairzinho,76,FALSE,FALSE,FIFA World Cup
1970-06-17,Brazil,Uruguay,Brazil,Rivellino,89,FALSE,FALSE,FIFA World Cup
1970-06-21,Brazil,Italy,Brazil,Pelé,18,FALSE,FALSE,FIFA World Cup
1970-06-21,Brazil,Italy,Brazil,Gérson,65,FALSE,FALSE,FIFA World Cup
1970-06-21,Brazil,Italy,Brazil,Jairzinho,71,FALSE,FALSE,FIFA World Cup
1970-06-21,Brazil,Italy,Brazil,Carlos Alberto Torres,86,FALSE,FALSE,FIFA World Cup
1974-06-22,DR Congo,Brazil,Brazil,Jairzinho,12,FALSE,FALSE,FIFA World Cup
1974-06-22,DR Congo,Brazil,Brazil,Rivellino,66,FALSE,FALSE,FIFA World Cup
1974-06-22,DR Congo,Brazil,Brazil,Valdomiro Vaz Franco,79,FALSE,FALSE,FIFA World Cup
1974-06-26,Brazil,German DR,Brazil,Rivellino,60,FALSE,FALSE,FIFA World Cup
1974-06-30,Argentina,Brazil,Brazil,Rivellino,32,FALSE,FALSE,FIFA World Cup
1974-06-30,Argentina,Brazil,Brazil,Jairzinho,49,FALSE,FALSE,FIFA World Cup
1975-07-31,Venezuela,Brazil,Brazil,Romeu Evangelista,2,FALSE,FALSE,Copa América
1975-07-31,Venezuela,Brazil,Brazil,Danival,50,FALSE,FALSE,Copa América
1975-07-31,Venezuela,Brazil,Brazil,Palhinha,82,FALSE,FALSE,Copa América
1975-07-31,Venezuela,Brazil,Brazil,Palhinha,88,FALSE,FALSE,Copa América
1975-08-06,Brazil,Argentina,Brazil,Nelinho,31,FALSE,FALSE,Copa América
1975-08-06,Brazil,Argentina,Brazil,Nelinho,55,FALSE,TRUE,Copa América
1975-08-13,Brazil,Venezuela,Brazil,Roberto Batata,6,FALSE,FALSE,Copa América
1975-08-13,Brazil,Venezuela,Brazil,Nelinho,9,FALSE,FALSE,Copa América
1975-08-13,Brazil,Venezuela,Brazil,Danival,37,FALSE,FALSE,Copa América
1975-08-13,Brazil,Venezuela,Brazil,Cosme da Silva Campos,53,FALSE,FALSE,Copa América
1975-08-13,Brazil,Venezuela,Brazil,Palhinha,65,FALSE,FALSE,Copa América
1975-08-13,Brazil,Venezuela,Brazil,Roberto Batata,79,FALSE,FALSE,Copa América
1975-08-16,Argentina,Brazil,Brazil,Danival,45,FALSE,FALSE,Copa América
1975-09-30,Brazil,Peru,Brazil,Roberto Batata,54,FALSE,FALSE,Copa América
1975-10-04,Peru,Brazil,Brazil,Julio Meléndez,10,TRUE,FALSE,Copa América
1975-10-04,Peru,Brazil,Brazil,Cosme da Silva Campos,61,FALSE,FALSE,Copa América
1977-03-09,Brazil,Colombia,Brazil,Roberto Dinamite,15,FALSE,FALSE,FIFA World Cup qualification
1977-03-09,Brazil,Colombia,Brazil,Zico,25,FALSE,FALSE,FIFA World Cup qualification
1977-03-09,Brazil,Colombia,Brazil,Roberto Dinamite,31,FALSE,FALSE,FIFA World Cup qualification
1977-03-09,Brazil,Colombia,Brazil,Marinho Chagas,41,FALSE,FALSE,FIFA World Cup qualification
1977-03-09,Brazil,Colombia,Brazil,Marinho Chagas,55,FALSE,FALSE,FIFA World Cup qualification
1977-03-09,Brazil,Colombia,Brazil,Roberto Rivellino,85,FALSE,FALSE,FIFA World Cup qualification
1977-03-13,Paraguay,Brazil,Brazil,José Domingo Insfrán,59,TRUE,FALSE,FIFA World Cup qualification
1977-03-20,Brazil,Paraguay,Brazil,Roberto Dinamite,6,FALSE,TRUE,FIFA World Cup qualification
1977-07-10,Peru,Brazil,Brazil,Gilberto Alves,53,FALSE,FALSE,FIFA World Cup qualification
1977-07-14,Brazil,Bolivia,Brazil,Zico,5,FALSE,FALSE,FIFA World Cup qualification
1977-07-14,Brazil,Bolivia,Brazil,Zico,10,FALSE,FALSE,FIFA World Cup qualification
1977-07-14,Brazil,Bolivia,Brazil,Roberto Dinamite,22,FALSE,FALSE,FIFA World Cup qualification
1977-07-14,Brazil,Bolivia,Brazil,Zico,27,FALSE,TRUE,FIFA World Cup qualification
1977-07-14,Brazil,Bolivia,Brazil,Gilberto Alves,54,FALSE,FALSE,FIFA World Cup qualification
1977-07-14,Brazil,Bolivia,Brazil,Zico,60,FALSE,FALSE,FIFA World Cup qualification
1977-07-14,Brazil,Bolivia,Brazil,Toninho Cerezo,70,FALSE,FALSE,FIFA World Cup qualification
1977-07-14,Brazil,Bolivia,Brazil,Marcelo Oliveira,89,FALSE,FALSE,FIFA World Cup qualification
1978-06-03,Brazil,Sweden,Brazil,José Reinaldo de Lima,45,FALSE,FALSE,FIFA World Cup
1978-06-11,Austria,Brazil,Brazil,Roberto Dinamite,40,FALSE,FALSE,FIFA World Cup
1978-06-14,Brazil,Peru,Brazil,Dirceu,15,FALSE,FALSE,FIFA World Cup
1978-06-14,Brazil,Peru,Brazil,Dirceu,27,FALSE,FALSE,FIFA World Cup
1978-06-14,Brazil,Peru,Brazil,Zico,72,FALSE,TRUE,FIFA World Cup
1978-06-21,Brazil,Poland,Brazil,Nelinho,13,FALSE,FALSE,FIFA World Cup
1978-06-21,Brazil,Poland,Brazil,Roberto Dinamite,58,FALSE,FALSE,FIFA World Cup
1978-06-21,Brazil,Poland,Brazil,Roberto Dinamite,63,FALSE,FALSE,FIFA World Cup
1978-06-24,Brazil,Italy,Brazil,Nelinho,64,FALSE,FALSE,FIFA World Cup
1978-06-24,Brazil,Italy,Brazil,Dirceu,71,FALSE,FALSE,FIFA World Cup
1979-07-26,Bolivia,Brazil,Brazil,Roberto Dinamite,30,FALSE,TRUE,Copa América
1979-08-02,Brazil,Argentina,Brazil,Zico,2,FALSE,FALSE,Copa América
1979-08-02,Brazil,Argentina,Brazil,Tita,54,FALSE,FALSE,Copa América
1979-08-16,Brazil,Bolivia,Brazil,Tita,46,FALSE,FALSE,Copa América
1979-08-16,Brazil,Bolivia,Brazil,Zico,90,FALSE,FALSE,Copa América
1979-08-23,Argentina,Brazil,Brazil,Sócrates,17,FALSE,FALSE,Copa América
1979-08-23,Argentina,Brazil,Brazil,Sócrates,65,FALSE,TRUE,Copa América
1979-10-24,Paraguay,Brazil,Brazil,Palhinha,79,FALSE,FALSE,Copa América
1979-10-31,Brazil,Paraguay,Brazil,Paulo Roberto Falcão,29,FALSE,FALSE,Copa América
1979-10-31,Brazil,Paraguay,Brazil,Sócrates,61,FALSE,TRUE,Copa América
1981-02-08,Venezuela,Brazil,Brazil,Zico,82,FALSE,TRUE,
1981-02-22,Bolivia,Brazil,Brazil,Sócrates,6,FALSE,FALSE,
1981-02-22,Bolivia,Brazil,Brazil,José Reinaldo de Lima,60,FALSE,FALSE,
1981-03-22,Brazil,Bolivia,Brazil,Zico,26,FALSE,TRUE,
1981-03-22,Brazil,Bolivia,Brazil,Zico,62,FALSE,FALSE,
1981-03-22,Brazil,Bolivia,Brazil,Zico,85,FALSE,FALSE,
1981-03-29,Brazil,Venezuela,Brazil,Tita,35,FALSE,FALSE,
1981-03-29,Brazil,Venezuela,Brazil,Sócrates,55,FALSE,FALSE,
1981-03-29,Brazil,Venezuela,Brazil,Tita,57,FALSE,FALSE,
1981-03-29,Brazil,Venezuela,Brazil,Zico,72,FALSE,TRUE,
1981-03-29,Brazil,Venezuela,Brazil,Leovegildo Lins da Gama Júnior,84,FALSE,FALSE,
1982-06-14,Brazil,Russia,Brazil,Sócrates,75,FALSE,FALSE,
1982-06-14,Brazil,Russia,Brazil,Éder Aleixo de Assis,88,FALSE,FALSE,
1982-06-18,Brazil,Scotland,Brazil,Zico,33,FALSE,FALSE,
1982-06-18,Brazil,Scotland,Brazil,Oscar,48,FALSE,FALSE,
1982-06-18,Brazil,Scotland,Brazil,Éder Aleixo de Assis,63,FALSE,FALSE,
1982-06-18,Brazil,Scotland,Brazil,Paulo Roberto Falcão,87,FALSE,FALSE,
1982-06-23,Brazil,New Zealand,Brazil,Zico,28,FALSE,FALSE,
1982-06-23,Brazil,New Zealand,Brazil,Zico,31,FALSE,FALSE,
1982-06-23,Brazil,New Zealand,Brazil,Paulo Roberto Falcão,64,FALSE,FALSE,
1982-06-23,Brazil,New Zealand,Brazil,Serginho Chulapa,70,FALSE,FALSE,
1982-07-02,Argentina,Brazil,Brazil,Zico,11,FALSE,FALSE,
1982-07-02,Argentina,Brazil,Brazil,Serginho Chulapa,66,FALSE,FALSE,
1982-07-02,Argentina,Brazil,Brazil,Leovegildo Lins da Gama Júnior,75,FALSE,FALSE,
1982-07-05,Italy,Brazil,Brazil,Sócrates,12,FALSE,FALSE,
1982-07-05,Italy,Brazil,Brazil,Paulo Roberto Falcão,68,FALSE,FALSE,
1983-08-17,Ecuador,Brazil,Brazil,Roberto Dinamite,14,FALSE,FALSE,
1983-09-01,Brazil,Ecuador,Brazil,Renato Gaúcho,12,FALSE,FALSE,
1983-09-01,Brazil,Ecuador,Brazil,Roberto Dinamite,46,FALSE,FALSE,
1983-09-01,Brazil,Ecuador,Brazil,Roberto Dinamite,55,FALSE,FALSE,
1983-09-01,Brazil,Ecuador,Brazil,Éder Aleixo de Assis,58,FALSE,FALSE,
1983-09-01,Brazil,Ecuador,Brazil,Tita,60,FALSE,FALSE,
1983-10-13,Paraguay,Brazil,Brazil,Éder Aleixo de Assis,88,FALSE,FALSE,
1983-11-04,Brazil,Uruguay,Brazil,Jorginho Putinatti,23,FALSE,FALSE,
1985-06-02,Bolivia,Brazil,Brazil,Walter Casagrande,56,FALSE,FALSE,
1985-06-02,Bolivia,Brazil,Brazil,Miguel Ángel Noro,59,TRUE,FALSE,
1985-06-16,Paraguay,Brazil,Brazil,Walter Casagrande,26,FALSE,FALSE,
1985-06-16,Paraguay,Brazil,Brazil,Zico,69,FALSE,FALSE,
1985-06-23,Brazil,Paraguay,Brazil,Sócrates,25,FALSE,FALSE,
1985-06-30,Brazil,Bolivia,Brazil,Careca,19,FALSE,FALSE,
1986-06-01,Spain,Brazil,Brazil,Sócrates,62,FALSE,FALSE,
1986-06-06,Brazil,Algeria,Brazil,Careca,66,FALSE,FALSE,
1986-06-12,Northern Ireland,Brazil,Brazil,Careca,15,FALSE,FALSE,
1986-06-12,Northern Ireland,Brazil,Brazil,Josimar,42,FALSE,FALSE,
1986-06-12,Northern Ireland,Brazil,Brazil,Careca,87,FALSE,FALSE,
1986-06-16,Brazil,Poland,Brazil,Sócrates,30,FALSE,TRUE,
1986-06-16,Brazil,Poland,Brazil,Josimar,55,FALSE,FALSE,
1986-06-16,Brazil,Poland,Brazil,Edino Nazareth Filho,79,FALSE,FALSE,
1986-06-16,Brazil,Poland,Brazil,Careca,83,FALSE,TRUE,
1986-06-21,Brazil,France,Brazil,Careca,17,FALSE,FALSE,
1987-06-28,Brazil,Venezuela,Brazil,Edú Marangón,33,FALSE,FALSE,
1987-06-28,Brazil,Venezuela,Brazil,Zdenko Morovic,39,TRUE,FALSE,
1987-06-28,Brazil,Venezuela,Brazil,Careca,66,FALSE,FALSE,
1987-06-28,Brazil,Venezuela,Brazil,Nelson Luís Kerchner,72,FALSE,FALSE,
1987-06-28,Brazil,Venezuela,Brazil,Romário,89,FALSE,FALSE,
1989-07-01,Brazil,Venezuela,Brazil,Bebeto,2,FALSE,FALSE,
1989-07-01,Brazil,Venezuela,Brazil,Geovani Faria da Silva,36,FALSE,TRUE,
1989-07-01,Brazil,Venezuela,Brazil,Baltazar Maria de Morais Júnior,57,FALSE,FALSE,
1989-07-09,Brazil,Paraguay,Brazil,Bebeto,47,FALSE,FALSE,
1989-07-09,Brazil,Paraguay,Brazil,Bebeto,82,FALSE,FALSE,
1989-07-12,Brazil,Argentina,Brazil,Bebeto,48,FALSE,FALSE,
1989-07-12,Brazil,Argentina,Brazil,Romário,55,FALSE,FALSE,
1989-07-14,Brazil,Paraguay,Brazil,Bebeto,16,FALSE,FALSE,
1989-07-14,Brazil,Paraguay,Brazil,Bebeto,52,FALSE,FALSE,
1989-07-14,Brazil,Paraguay,Brazil,Romário,58,FALSE,FALSE,
1989-07-16,Brazil,Uruguay,Brazil,Romário,49,FALSE,FALSE,
1989-07-30,Venezuela,Brazil,Brazil,Branco,5,FALSE,FALSE,
1989-07-30,Venezuela,Brazil,Brazil,Romário,65,FALSE,FALSE,
1989-07-30,Venezuela,Brazil,Brazil,Bebeto,79,FALSE,FALSE,
1989-07-30,Venezuela,Brazil,Brazil,Bebeto,81,FALSE,FALSE,
1989-08-13,Chile,Brazil,Brazil,Hugo González,56,TRUE,FALSE,
1989-08-20,Brazil,Venezuela,Brazil,Careca,10,FALSE,FALSE,
1989-08-20,Brazil,Venezuela,Brazil,Careca,17,FALSE,FALSE,
1989-08-20,Brazil,Venezuela,Brazil,Paulo Silas,37,FALSE,FALSE,
1989-08-20,Brazil,Venezuela,Brazil,Pedro Acosta,39,TRUE,FALSE,
1989-08-20,Brazil,Venezuela,Brazil,Careca,80,FALSE,FALSE,
1989-08-20,Brazil,Venezuela,Brazil,Careca,86,FALSE,FALSE,
1989-09-03,Brazil,Chile,Brazil,Careca,49,FALSE,FALSE,
1990-06-10,Brazil,Sweden,Brazil,Careca,40,FALSE,FALSE,
1990-06-10,Brazil,Sweden,Brazil,Careca,63,FALSE,FALSE,
1990-06-16,Brazil,Costa Rica,Brazil,Müller,33,FALSE,FALSE,
1990-06-20,Brazil,Scotland,Brazil,Müller,81,FALSE,FALSE,
1991-07-09,Bolivia,Brazil,Brazil,Neto,5,FALSE,TRUE,
1991-07-09,Bolivia,Brazil,Brazil,Branco,47,FALSE,FALSE,
1991-07-11,Brazil,Uruguay,Brazil,João Paulo,29,FALSE,FALSE,
1991-07-15,Brazil,Ecuador,Brazil,Mazinho Oliveira,8,FALSE,FALSE,
1991-07-15,Brazil,Ecuador,Brazil,Márcio Santos,54,FALSE,FALSE,
1991-07-15,Brazil,Ecuador,Brazil,Luís Henrique,89,FALSE,FALSE,
1991-07-17,Argentina,Brazil,Brazil,Branco,5,FALSE,FALSE,
1991-07-17,Argentina,Brazil,Brazil,João Paulo,52,FALSE,FALSE,
1991-07-19,Brazil,Colombia,Brazil,Renato Gaúcho,29,FALSE,FALSE,
1991-07-19,Brazil,Colombia,Brazil,Branco,76,FALSE,TRUE,
1991-07-21,Chile,Brazil,Brazil,Mazinho Oliveira,8,FALSE,FALSE,
1991-07-21,Chile,Brazil,Brazil,Luís Henrique,55,FALSE,FALSE,
1993-06-21,Brazil,Chile,Brazil,Müller,36,FALSE,FALSE,
1993-06-21,Brazil,Chile,Brazil,Palhinha,55,FALSE,FALSE,
1993-06-24,Brazil,Paraguay,Brazil,Palhinha,15,FALSE,FALSE,
1993-06-24,Brazil,Paraguay,Brazil,Edmundo,62,FALSE,FALSE,
1993-06-24,Brazil,Paraguay,Brazil,Palhinha,72,FALSE,FALSE,
1993-06-27,Brazil,Argentina,Brazil,Müller,37,FALSE,FALSE,
1993-08-01,Venezuela,Brazil,Brazil,Raí,34,FALSE,TRUE,
1993-08-01,Venezuela,Brazil,Brazil,Bebeto,70,FALSE,FALSE,
1993-08-01,Venezuela,Brazil,Brazil,Cláudio Ibrahim Vaz Leal,71,FALSE,FALSE,
1993-08-01,Venezuela,Brazil,Brazil,Bebeto,79,FALSE,FALSE,
1993-08-01,Venezuela,Brazil,Brazil,Palhinha,88,FALSE,FALSE,
1993-08-15,Uruguay,Brazil,Brazil,Raí,28,FALSE,FALSE,
1993-08-22,Brazil,Ecuador,Brazil,Bebeto,34,FALSE,FALSE,
1993-08-22,Brazil,Ecuador,Brazil,Carlos Dunga,54,FALSE,FALSE,
1993-08-29,Brazil,Bolivia,Brazil,Raí,12,FALSE,FALSE,
1993-08-29,Brazil,Bolivia,Brazil,Müller,18,FALSE,FALSE,
1993-08-29,Brazil,Bolivia,Brazil,Bebeto,22,FALSE,FALSE,
1993-08-29,Brazil,Bolivia,Brazil,Cláudio Ibrahim Vaz Leal,36,FALSE,FALSE,
1993-08-29,Brazil,Bolivia,Brazil,Ricardo Gomes,44,FALSE,FALSE,
1993-08-29,Brazil,Bolivia,Brazil,Bebeto,60,FALSE,FALSE,
1993-09-05,Brazil,Venezuela,Brazil,Ricardo Gomes,2,FALSE,FALSE,
1993-09-05,Brazil,Venezuela,Brazil,Palhinha,29,FALSE,FALSE,
1993-09-05,Brazil,Venezuela,Brazil,Evair Aparecido Paulino,31,FALSE,FALSE,
1993-09-05,Brazil,Venezuela,Brazil,Ricardo Gomes,89,FALSE,FALSE,
1993-09-19,Brazil,Uruguay,Brazil,Romário,72,FALSE,FALSE,
1993-09-19,Brazil,Uruguay,Brazil,Romário,82,FALSE,FALSE,
1994-06-20,Brazil,Russia,Brazil,Romário,26,FALSE,FALSE,
1994-06-20,Brazil,Russia,Brazil,Raí,52,FALSE,TRUE,
1994-06-24,Brazil,Cameroon,Brazil,Romário,39,FALSE,FALSE,
1994-06-24,Brazil,Cameroon,Brazil,Márcio Roberto dos Santos,66,FALSE,FALSE,
1994-06-24,Brazil,Cameroon,Brazil,Bebeto,73,FALSE,FALSE,
1994-06-28,Brazil,Sweden,Brazil,Romário,47,FALSE,FALSE,
1994-07-04,United States,Brazil,Brazil,Bebeto,72,FALSE,FALSE,
1994-07-09,Netherlands,Brazil,Brazil,Romário,53,FALSE,FALSE,
1994-07-09,Netherlands,Brazil,Brazil,Bebeto,63,FALSE,FALSE,
1994-07-09,Netherlands,Brazil,Brazil,Branco,81,FALSE,FALSE,
1994-07-13,Sweden,Brazil,Brazil,Romário,80,FALSE,FALSE,
1995-07-07,Brazil,Ecuador,Brazil,Ronaldo Rodrigues de Jesus,73,FALSE,FALSE,
1995-07-10,Brazil,Peru,Brazil,Zinho,77,FALSE,TRUE,
1995-07-10,Brazil,Peru,Brazil,Edmundo,82,FALSE,FALSE,
1995-07-13,Brazil,Colombia,Brazil,Leonardo Araújo,30,FALSE,FALSE,
1995-07-13,Brazil,Colombia,Brazil,Túlio Costa,76,FALSE,FALSE,
1995-07-13,Brazil,Colombia,Brazil,René Higuita,85,TRUE,FALSE,
1995-07-17,Brazil,Argentina,Brazil,Edmundo,9,FALSE,FALSE,
1995-07-17,Brazil,Argentina,Brazil,Túlio Maravilha,81,FALSE,FALSE,
1995-07-20,United States,Brazil,Brazil,Aldair,13,FALSE,FALSE,
1995-07-23,Uruguay,Brazil,Brazil,Túlio Maravilha,30,FALSE,FALSE,
1996-01-12,Brazil,Canada,Brazil,André Luiz Moreira,3,FALSE,FALSE,
1996-01-12,Brazil,Canada,Brazil,Caio Ribeiro Decoussau,7,FALSE,FALSE,
1996-01-12,Brazil,Canada,Brazil,Sávio Bortolini Pimentel,14,FALSE,FALSE,
1996-01-12,Brazil,Canada,Brazil,Leandro Machado,86,FALSE,FALSE,
1996-01-14,Honduras,Brazil,Brazil,Caio Ribeiro Decoussau,9,FALSE,FALSE,
1996-01-14,Honduras,Brazil,Brazil,Paulo Roberto Jamelli Júnior,31,FALSE,FALSE,
1996-01-14,Honduras,Brazil,Brazil,Paulo Roberto Jamelli Júnior,61,FALSE,FALSE,
1996-01-14,Honduras,Brazil,Brazil,Sávio Bortolini Pimentel,80,FALSE,FALSE,
1996-01-14,Honduras,Brazil,Brazil,Caio Ribeiro Decoussau,81,FALSE,FALSE,
1996-01-18,United States,Brazil,Brazil,Marcelo Balboa,79,TRUE,FALSE,
1997-06-13,Brazil,Costa Rica,Brazil,Djalminha,20,FALSE,FALSE,
1997-06-13,Brazil,Costa Rica,Brazil,Rónald González Brenes,34,TRUE,FALSE,
1997-06-13,Brazil,Costa Rica,Brazil,Ronaldo,47,FALSE,FALSE,
1997-06-13,Brazil,Costa Rica,Brazil,Ronaldo,54,FALSE,FALSE,
1997-06-13,Brazil,Costa Rica,Brazil,Romário,60,FALSE,FALSE,
1997-06-16,Brazil,Mexico,Brazil,Aldair,47,FALSE,FALSE,
1997-06-16,Brazil,Mexico,Brazil,Camilo Romero,59,TRUE,FALSE,
1997-06-16,Brazil,Mexico,Brazil,Leonardo Araújo,77,FALSE,FALSE,
1997-06-19,Brazil,Colombia,Brazil,Dunga,11,FALSE,FALSE,
1997-06-19,Brazil,Colombia,Brazil,Edmundo Alves de Souza Neto,67,FALSE,FALSE,
1997-06-22,Brazil,Paraguay,Brazil,Ronaldo,9,FALSE,FALSE,
1997-06-22,Brazil,Paraguay,Brazil,Ronaldo,34,FALSE,FALSE,
1997-06-26,Brazil,Peru,Brazil,Denílson de Oliveira Araújo,1,FALSE,FALSE,
1997-06-26,Brazil,Peru,Brazil,Flávio Conceição,28,FALSE,FALSE,
1997-06-26,Brazil,Peru,Brazil,Romário,36,FALSE,FALSE,
1997-06-26,Brazil,Peru,Brazil,Leonardo Araújo,45,FALSE,FALSE,
1997-06-26,Brazil,Peru,Brazil,Romário,49,FALSE,FALSE,
1997-06-26,Brazil,Peru,Brazil,Leonardo Araújo,55,FALSE,FALSE,
1997-06-26,Brazil,Peru,Brazil,Djalminha,77,FALSE,FALSE,
1997-06-29,Bolivia,Brazil,Brazil,Denílson de Oliveira Araújo,40,FALSE,FALSE,
1997-06-29,Bolivia,Brazil,Brazil,Ronaldo,79,FALSE,FALSE,
1997-06-29,Bolivia,Brazil,Brazil,Zé Roberto,90,FALSE,FALSE,
1997-12-12,Saudi Arabia,Brazil,Brazil,César Sampaio,65,FALSE,FALSE,
1997-12-12,Saudi Arabia,Brazil,Brazil,Romário,73,FALSE,FALSE,
1997-12-12,Saudi Arabia,Brazil,Brazil,Romário,80,FALSE,FALSE,
1997-12-16,Brazil,Mexico,Brazil,Romário,41,FALSE,TRUE,
1997-12-16,Brazil,Mexico,Brazil,Denílson de Oliveira Araújo,61,FALSE,FALSE,
1997-12-16,Brazil,Mexico,Brazil,Júnior Baiano,66,FALSE,FALSE,
1997-12-19,Brazil,Czech Republic,Brazil,Romário,54,FALSE,FALSE,
1997-12-19,Brazil,Czech Republic,Brazil,Ronaldo,83,FALSE,FALSE,
1997-12-21,Brazil,Australia,Brazil,Ronaldo,15,FALSE,FALSE,
1997-12-21,Brazil,Australia,Brazil,Ronaldo,27,FALSE,FALSE,
1997-12-21,Brazil,Australia,Brazil,Romário,38,FALSE,FALSE,
1997-12-21,Brazil,Australia,Brazil,Romário,53,FALSE,FALSE,
1997-12-21,Brazil,Australia,Brazil,Ronaldo,59,FALSE,FALSE,
1997-12-21,Brazil,Australia,Brazil,Romário,75,FALSE,TRUE,
1998-02-05,Brazil,Guatemala,Brazil,Romário,79,FALSE,FALSE,
1998-02-08,El Salvador,Brazil,Brazil,Edmundo Alves de Souza Neto,7,FALSE,FALSE,
1998-02-08,El Salvador,Brazil,Brazil,Romário,19,FALSE,FALSE,
1998-02-08,El Salvador,Brazil,Brazil,Giovane Élber,87,FALSE,FALSE,
1998-02-08,El Salvador,Brazil,Brazil,Giovane Élber,90,FALSE,FALSE,
1998-02-15,Brazil,Jamaica,Brazil,Romário,77,FALSE,FALSE,
1998-06-10,Brazil,Scotland,Brazil,César Sampaio,5,FALSE,FALSE,
1998-06-10,Brazil,Scotland,Brazil,Tom Boyd,74,TRUE,FALSE,
1998-06-16,Brazil,Morocco,Brazil,Ronaldo,9,FALSE,FALSE,
1998-06-16,Brazil,Morocco,Brazil,Rivaldo,45,FALSE,FALSE,
1998-06-16,Brazil,Morocco,Brazil,Bebeto,50,FALSE,FALSE,
1998-06-23,Brazil,Norway,Brazil,Bebeto,78,FALSE,FALSE,
1998-06-27,Brazil,Chile,Brazil,César Sampaio,11,FALSE,FALSE,
1998-06-27,Brazil,Chile,Brazil,César Sampaio,26,FALSE,FALSE,
1998-06-27,Brazil,Chile,Brazil,Ronaldo,45,FALSE,TRUE,
1998-06-27,Brazil,Chile,Brazil,Ronaldo,72,FALSE,FALSE,
1998-07-03,Brazil,Denmark,Brazil,Bebeto,10,FALSE,FALSE,
1998-07-03,Brazil,Denmark,Brazil,Rivaldo,25,FALSE,FALSE,
1998-07-03,Brazil,Denmark,Brazil,Rivaldo,59,FALSE,FALSE,
1998-07-07,Brazil,Netherlands,Brazil,Ronaldo,46,FALSE,FALSE,
1999-06-30,Brazil,Venezuela,Brazil,Ronaldo,28,FALSE,FALSE,
1999-06-30,Brazil,Venezuela,Brazil,Emerson,40,FALSE,FALSE,
1999-06-30,Brazil,Venezuela,Brazil,Márcio Amoroso,54,FALSE,FALSE,
1999-06-30,Brazil,Venezuela,Brazil,Ronaldo,62,FALSE,FALSE,
1999-06-30,Brazil,Venezuela,Brazil,Ronaldinho,74,FALSE,FALSE,
1999-06-30,Brazil,Venezuela,Brazil,Márcio Amoroso,81,FALSE,FALSE,
1999-06-30,Brazil,Venezuela,Brazil,Rivaldo,82,FALSE,FALSE,
1999-07-03,Brazil,Mexico,Brazil,Márcio Amoroso,20,FALSE,FALSE,
1999-07-03,Brazil,Mexico,Brazil,Alexsandro de Souza,45,FALSE,FALSE,
1999-07-06,Brazil,Chile,Brazil,Ronaldo,36,FALSE,TRUE,
1999-07-11,Brazil,Argentina,Brazil,Rivaldo,32,FALSE,FALSE,
1999-07-11,Brazil,Argentina,Brazil,Ronaldo,48,FALSE,FALSE,
1999-07-14,Mexico,Brazil,Brazil,Márcio Amoroso,24,FALSE,FALSE,
1999-07-14,Mexico,Brazil,Brazil,Rivaldo Vítor Borba Ferreira,42,FALSE,FALSE,
1999-07-18,Brazil,Uruguay,Brazil,Rivaldo,20,FALSE,FALSE,
1999-07-18,Brazil,Uruguay,Brazil,Rivaldo,27,FALSE,FALSE,
1999-07-18,Brazil,Uruguay,Brazil,Ronaldo,46,FALSE,FALSE,
1999-07-24,Brazil,Germany,Brazil,Zé Roberto,62,FALSE,FALSE,
1999-07-24,Brazil,Germany,Brazil,Ronaldinho,72,FALSE,FALSE,
1999-07-24,Brazil,Germany,Brazil,Alexsandro de Souza,86,FALSE,FALSE,
1999-07-24,Brazil,Germany,Brazil,Alexsandro de Souza,87,FALSE,FALSE,
1999-07-28,Brazil,United States,Brazil,Ronaldinho,13,FALSE,FALSE,
1999-07-30,New Zealand,Brazil,Brazil,Marcos Paulo,45,FALSE,FALSE,
1999-07-30,New Zealand,Brazil,Brazil,Ronaldinho,88,FALSE,FALSE,
1999-08-01,Brazil,Saudi Arabia,Brazil,João Carlos dos Santos,8,FALSE,FALSE,
1999-08-01,Brazil,Saudi Arabia,Brazil,Ronaldinho,11,FALSE,FALSE,
1999-08-01,Brazil,Saudi Arabia,Brazil,Zé Roberto,33,FALSE,FALSE,
1999-08-01,Brazil,Saudi Arabia,Brazil,Alexsandro de Souza,36,FALSE,FALSE,
1999-08-01,Brazil,Saudi Arabia,Brazil,Rôni,62,FALSE,FALSE,
1999-08-01,Brazil,Saudi Arabia,Brazil,Ronaldinho,65,FALSE,FALSE,
1999-08-01,Brazil,Saudi Arabia,Brazil,Alexsandro de Souza,86,FALSE,FALSE,
1999-08-01,Brazil,Saudi Arabia,Brazil,Ronaldinho,90,FALSE,FALSE,
1999-08-04,Mexico,Brazil,Brazil,Serginho,43,FALSE,TRUE,
1999-08-04,Mexico,Brazil,Brazil,Rôni,47,FALSE,FALSE,
1999-08-04,Mexico,Brazil,Brazil,Zé Roberto,63,FALSE,FALSE,
2000-04-26,Brazil,Ecuador,Brazil,Rivaldo,18,FALSE,FALSE,
2000-04-26,Brazil,Ecuador,Brazil,Antônio Carlos Zago,43,FALSE,FALSE,
2000-04-26,Brazil,Ecuador,Brazil,Rivaldo,51,FALSE,FALSE,
2000-06-04,Peru,Brazil,Brazil,Antônio Carlos Zago,34,FALSE,FALSE,
2000-06-28,Brazil,Uruguay,Brazil,Rivaldo,85,FALSE,TRUE,
2000-07-18,Paraguay,Brazil,Brazil,Rivaldo,74,FALSE,FALSE,
2000-07-26,Brazil,Argentina,Brazil,Alexsandro de Souza,5,FALSE,FALSE,
2000-07-26,Brazil,Argentina,Brazil,Vampeta,45,FALSE,FALSE,
2000-07-26,Brazil,Argentina,Brazil,Vampeta,50,FALSE,FALSE,
2000-09-03,Brazil,Bolivia,Brazil,Romário,11,FALSE,TRUE,
2000-09-03,Brazil,Bolivia,Brazil,Rivaldo,46,FALSE,FALSE,
2000-09-03,Brazil,Bolivia,Brazil,Romário,77,FALSE,FALSE,
2000-09-03,Brazil,Bolivia,Brazil,Romário,80,FALSE,FALSE,
2000-09-03,Brazil,Bolivia,Brazil,Marco Antonio Sandy,88,TRUE,FALSE,
2000-10-08,Venezuela,Brazil,Brazil,Euller,20,FALSE,FALSE,
2000-10-08,Venezuela,Brazil,Brazil,Juninho Paulista,28,FALSE,FALSE,
2000-10-08,Venezuela,Brazil,Brazil,Romário,31,FALSE,FALSE,
2000-10-08,Venezuela,Brazil,Brazil,Romário,36,FALSE,FALSE,
2000-10-08,Venezuela,Brazil,Brazil,Romário,38,FALSE,TRUE,
2000-10-08,Venezuela,Brazil,Brazil,Romário,63,FALSE,FALSE,
2000-11-15,Brazil,Colombia,Brazil,Roque Júnior,90,FALSE,FALSE,
2001-04-25,Brazil,Peru,Brazil,Romário,65,FALSE,FALSE,
2001-05-31,Brazil,Cameroon,Brazil,Washington,53,FALSE,FALSE,
2001-05-31,Brazil,Cameroon,Brazil,Carlos Miguel da Silva Júnior,57,FALSE,FALSE,
2001-06-07,France,Brazil,Brazil,Ramon Menezes,30,FALSE,FALSE,
2001-07-15,Brazil,Peru,Brazil,Guilherme de Cássio Alves,9,FALSE,FALSE,
2001-07-15,Brazil,Peru,Brazil,Denílson de Oliveira Araújo,85,FALSE,FALSE,
2001-07-18,Brazil,Paraguay,Brazil,Alexsandro de Souza,60,FALSE,FALSE,
2001-07-18,Brazil,Paraguay,Brazil,Juliano Belletti,89,FALSE,FALSE,
2001-07-18,Brazil,Paraguay,Brazil,Denílson de Oliveira Araújo,90,FALSE,FALSE,
2001-08-15,Brazil,Paraguay,Brazil,Marcelinho Paraíba,4,FALSE,FALSE,
2001-08-15,Brazil,Paraguay,Brazil,Rivaldo,69,FALSE,FALSE,
2001-09-05,Argentina,Brazil,Brazil,Roberto Ayala,2,TRUE,FALSE,
2001-10-07,Brazil,Chile,Brazil,Edílson,52,FALSE,FALSE,
2001-10-07,Brazil,Chile,Brazil,Rivaldo,63,FALSE,FALSE,
2001-11-07,Bolivia,Brazil,Brazil,Edílson,26,FALSE,FALSE,
2001-11-14,Brazil,Venezuela,Brazil,Luizão,12,FALSE,FALSE,
2001-11-14,Brazil,Venezuela,Brazil,Luizão,19,FALSE,FALSE,
2001-11-14,Brazil,Venezuela,Brazil,Rivaldo,34,FALSE,FALSE,
2002-06-03,Brazil,Turkey,Brazil,Ronaldo,50,FALSE,FALSE,
2002-06-03,Brazil,Turkey,Brazil,Rivaldo,87,FALSE,TRUE,
2002-06-08,Brazil,China,Brazil,Roberto Carlos,15,FALSE,FALSE,
2002-06-08,Brazil,China,Brazil,Rivaldo,32,FALSE,FALSE,
2002-06-08,Brazil,China,Brazil,Ronaldinho,45,FALSE,TRUE,
2002-06-08,Brazil,China,Brazil,Ronaldo,55,FALSE,FALSE,
2002-06-13,Costa Rica,Brazil,Brazil,Ronaldo,10,FALSE,FALSE,
2002-06-13,Costa Rica,Brazil,Brazil,Ronaldo,13,FALSE,FALSE,
2002-06-13,Costa Rica,Brazil,Brazil,Edmílson,38,FALSE,FALSE,
2002-06-13,Costa Rica,Brazil,Brazil,Rivaldo,62,FALSE,FALSE,
2002-06-13,Costa Rica,Brazil,Brazil,Jenílson Ângelo de Souza,64,FALSE,FALSE,
2002-06-17,Brazil,Belgium,Brazil,Rivaldo,67,FALSE,FALSE,
2002-06-17,Brazil,Belgium,Brazil,Ronaldo,87,FALSE,FALSE,
2002-06-21,England,Brazil,Brazil,Rivaldo,45,FALSE,FALSE,
2002-06-21,England,Brazil,Brazil,Ronaldinho,50,FALSE,FALSE,
2002-06-26,Brazil,Turkey,Brazil,Ronaldo,49,FALSE,FALSE,
2002-06-30,Germany,Brazil,Brazil,Ronaldo,67,FALSE,FALSE,
2002-06-30,Germany,Brazil,Brazil,Ronaldo,79,FALSE,FALSE,
2003-06-21,Brazil,United States,Brazil,Adriano,22,FALSE,FALSE,
2003-06-23,Brazil,Turkey,Brazil,Adriano,23,FALSE,FALSE,
2003-06-23,Brazil,Turkey,Brazil,Alexsandro de Souza,90,FALSE,FALSE,
2003-07-15,Brazil,Honduras,Brazil,Maicon Sisenando,16,FALSE,FALSE,
2003-07-15,Brazil,Honduras,Brazil,Diego,84,FALSE,FALSE,
2003-07-19,Colombia,Brazil,Brazil,Kaká,42,FALSE,FALSE,
2003-07-19,Colombia,Brazil,Brazil,Kaká,66,FALSE,FALSE,
2003-07-23,United States,Brazil,Brazil,Kaká,89,FALSE,FALSE,
2003-07-23,United States,Brazil,Brazil,Diego,100,FALSE,TRUE,
2003-09-07,Colombia,Brazil,Brazil,Ronaldo,22,FALSE,FALSE,
2003-09-07,Colombia,Brazil,Brazil,Kaká,60,FALSE,FALSE,
2003-09-10,Brazil,Ecuador,Brazil,Ronaldinho,13,FALSE,FALSE,
2003-11-16,Peru,Brazil,Brazil,Rivaldo,20,FALSE,TRUE,
2003-11-19,Brazil,Uruguay,Brazil,Kaká,20,FALSE,FALSE,
2003-11-19,Brazil,Uruguay,Brazil,Ronaldo,28,FALSE,FALSE,
2003-11-19,Brazil,Uruguay,Brazil,Ronaldo,87,FALSE,FALSE,
2004-06-02,Brazil,Argentina,Brazil,Ronaldo,16,FALSE,TRUE,
2004-06-02,Brazil,Argentina,Brazil,Ronaldo,67,FALSE,TRUE,
2004-06-02,Brazil,Argentina,Brazil,Ronaldo,90,FALSE,TRUE,
2004-06-06,Chile,Brazil,Brazil,Luís Fabiano,16,FALSE,FALSE,
2004-07-08,Brazil,Chile,Brazil,Luís Fabiano,90,FALSE,FALSE,
2004-07-11,Brazil,Costa Rica,Brazil,Adriano,45,FALSE,FALSE,
2004-07-11,Brazil,Costa Rica,Brazil,Juan,49,FALSE,FALSE,
2004-07-11,Brazil,Costa Rica,Brazil,Adriano,54,FALSE,FALSE,
2004-07-11,Brazil,Costa Rica,Brazil,Adriano,67,FALSE,FALSE,
2004-07-14,Brazil,Paraguay,Brazil,Luís Fabiano,35,FALSE,FALSE,
2004-07-18,Mexico,Brazil,Brazil,Alexsandro de Souza,26,FALSE,TRUE,
2004-07-18,Mexico,Brazil,Brazil,Adriano,65,FALSE,FALSE,
2004-07-18,Mexico,Brazil,Brazil,Adriano,78,FALSE,FALSE,
2004-07-18,Mexico,Brazil,Brazil,Ricardo Oliveira,87,FALSE,FALSE,
2004-07-21,Uruguay,Brazil,Brazil,Adriano,46,FALSE,FALSE,
2004-07-25,Argentina,Brazil,Brazil,Luisão,45,FALSE,FALSE,
2004-07-25,Argentina,Brazil,Brazil,Adriano,90,FALSE,FALSE,
2004-09-05,Brazil,Bolivia,Brazil,Ronaldo,1,FALSE,FALSE,
2004-09-05,Brazil,Bolivia,Brazil,Ronaldinho,12,FALSE,TRUE,
2004-09-05,Brazil,Bolivia,Brazil,Adriano Leite Ribeiro,44,FALSE,FALSE,
2004-10-09,Venezuela,Brazil,Brazil,Kaká,5,FALSE,FALSE,
2004-10-09,Venezuela,Brazil,Brazil,Kaká,34,FALSE,FALSE,
2004-10-09,Venezuela,Brazil,Brazil,Ronaldo,48,FALSE,FALSE,
2004-10-09,Venezuela,Brazil,Brazil,Ronaldo,50,FALSE,FALSE,
2004-10-09,Venezuela,Brazil,Brazil,Adriano Leite Ribeiro,75,FALSE,FALSE,
2005-03-27,Brazil,Peru,Brazil,Kaká,74,FALSE,FALSE,
2005-03-30,Uruguay,Brazil,Brazil,Émerson Ferreira da Rosa,67,FALSE,FALSE,
2005-06-05,Brazil,Paraguay,Brazil,Ronaldinho,32,FALSE,TRUE,
2005-06-05,Brazil,Paraguay,Brazil,Ronaldinho,41,FALSE,TRUE,
2005-06-05,Brazil,Paraguay,Brazil,Zé Roberto,70,FALSE,FALSE,
2005-06-05,Brazil,Paraguay,Brazil,Robinho,82,FALSE,FALSE,
2005-06-08,Argentina,Brazil,Brazil,Roberto Carlos,71,FALSE,FALSE,
2005-06-16,Brazil,Greece,Brazil,Adriano,41,FALSE,FALSE,
2005-06-16,Brazil,Greece,Brazil,Robinho,46,FALSE,FALSE,
2005-06-16,Brazil,Greece,Brazil,Juninho Pernambucano,81,FALSE,FALSE,
2005-06-22,Japan,Brazil,Brazil,Robinho,10,FALSE,FALSE,
2005-06-22,Japan,Brazil,Brazil,Ronaldinho,32,FALSE,FALSE,
2005-06-25,Germany,Brazil,Brazil,Adriano,21,FALSE,FALSE,
2005-06-25,Germany,Brazil,Brazil,Ronaldinho,43,FALSE,TRUE,
2005-06-25,Germany,Brazil,Brazil,Adriano,76,FALSE,FALSE,
2005-06-29,Brazil,Argentina,Brazil,Adriano,11,FALSE,FALSE,
2005-06-29,Brazil,Argentina,Brazil,Kaká,16,FALSE,FALSE,
2005-06-29,Brazil,Argentina,Brazil,Ronaldinho,47,FALSE,FALSE,
2005-06-29,Brazil,Argentina,Brazil,Adriano,63,FALSE,FALSE,
2005-09-04,Brazil,Chile,Brazil,Juan,11,FALSE,FALSE,
2005-09-04,Brazil,Chile,Brazil,Robinho,21,FALSE,FALSE,
2005-09-04,Brazil,Chile,Brazil,Adriano Leite Ribeiro,27,FALSE,FALSE,
2005-09-04,Brazil,Chile,Brazil,Adriano Leite Ribeiro,29,FALSE,FALSE,
2005-09-04,Brazil,Chile,Brazil,Adriano Leite Ribeiro,90,FALSE,FALSE,
2005-10-09,Bolivia,Brazil,Brazil,Juninho Pernambucano,25,FALSE,FALSE,
2005-10-12,Brazil,Venezuela,Brazil,Adriano Leite Ribeiro,28,FALSE,FALSE,
2005-10-12,Brazil,Venezuela,Brazil,Ronaldo,51,FALSE,FALSE,
2005-10-12,Brazil,Venezuela,Brazil,Roberto Carlos,61,FALSE,FALSE,
2006-06-13,Brazil,Croatia,Brazil,Kaká,44,FALSE,FALSE,
2006-06-18,Brazil,Australia,Brazil,Adriano,49,FALSE,FALSE,
2006-06-18,Brazil,Australia,Brazil,Fred,90,FALSE,FALSE,
2006-06-22,Japan,Brazil,Brazil,Ronaldo,45,FALSE,FALSE,
2006-06-22,Japan,Brazil,Brazil,Juninho Pernambucano,53,FALSE,FALSE,
2006-06-22,Japan,Brazil,Brazil,Gilberto,59,FALSE,FALSE,
2006-06-22,Japan,Brazil,Brazil,Ronaldo,81,FALSE,FALSE,
2006-06-27,Brazil,Ghana,Brazil,Ronaldo,5,FALSE,FALSE,
2006-06-27,Brazil,Ghana,Brazil,Adriano,45,FALSE,FALSE,
2006-06-27,Brazil,Ghana,Brazil,Zé Roberto,84,FALSE,FALSE,
2007-07-01,Brazil,Chile,Brazil,Robinho,36,FALSE,TRUE,
2007-07-01,Brazil,Chile,Brazil,Robinho,84,FALSE,FALSE,
2007-07-01,Brazil,Chile,Brazil,Robinho,87,FALSE,FALSE,
2007-07-04,Brazil,Ecuador,Brazil,Robinho,56,FALSE,TRUE,
2007-07-07,Chile,Brazil,Brazil,Juan,16,FALSE,FALSE,
2007-07-07,Chile,Brazil,Brazil,Júlio Baptista,23,FALSE,FALSE,
2007-07-07,Chile,Brazil,Brazil,Robinho,27,FALSE,FALSE,
2007-07-07,Chile,Brazil,Brazil,Robinho,50,FALSE,FALSE,
2007-07-07,Chile,Brazil,Brazil,Josué Anunciado de Oliveira,68,FALSE,FALSE,
2007-07-07,Chile,Brazil,Brazil,Vágner Love,85,FALSE,FALSE,
2007-07-10,Uruguay,Brazil,Brazil,Maicon Sisenando,13,FALSE,FALSE,
2007-07-10,Uruguay,Brazil,Brazil,Júlio Baptista,41,FALSE,FALSE,
2007-07-15,Brazil,Argentina,Brazil,Júlio Baptista,4,FALSE,FALSE,
2007-07-15,Brazil,Argentina,Brazil,Roberto Ayala,40,TRUE,FALSE,
2007-07-15,Brazil,Argentina,Brazil,Dani Alves,69,FALSE,FALSE,
2007-10-17,Brazil,Ecuador,Brazil,Vágner Love,19,FALSE,FALSE,
2007-10-17,Brazil,Ecuador,Brazil,Ronaldinho,71,FALSE,FALSE,
2007-10-17,Brazil,Ecuador,Brazil,Kaká,77,FALSE,FALSE,
2007-10-17,Brazil,Ecuador,Brazil,Elano,83,FALSE,FALSE,
2007-10-17,Brazil,Ecuador,Brazil,Kaká,85,FALSE,FALSE,
2007-11-18,Peru,Brazil,Brazil,Kaká,41,FALSE,FALSE,
2007-11-21,Brazil,Uruguay,Brazil,Luís Fabiano,45,FALSE,FALSE,
2007-11-21,Brazil,Uruguay,Brazil,Luís Fabiano,64,FALSE,FALSE,
2008-09-07,Chile,Brazil,Brazil,Luís Fabiano,21,FALSE,FALSE,
2008-09-07,Chile,Brazil,Brazil,Robinho,45,FALSE,FALSE,
2008-09-07,Chile,Brazil,Brazil,Luís Fabiano,83,FALSE,FALSE,
2008-10-12,Venezuela,Brazil,Brazil,Kaká,6,FALSE,FALSE,
2008-10-12,Venezuela,Brazil,Brazil,Robinho,10,FALSE,FALSE,
2008-10-12,Venezuela,Brazil,Brazil,Adriano,19,FALSE,FALSE,
2008-10-12,Venezuela,Brazil,Brazil,Robinho,67,FALSE,FALSE,
2009-03-29,Ecuador,Brazil,Brazil,Júlio Baptista,72,FALSE,FALSE,
2009-04-01,Brazil,Peru,Brazil,Luís Fabiano,18,FALSE,TRUE,
2009-04-01,Brazil,Peru,Brazil,Luís Fabiano,27,FALSE,FALSE,
2009-04-01,Brazil,Peru,Brazil,Felipe Melo,64,FALSE,FALSE,
2009-06-06,Uruguay,Brazil,Brazil,Dani Alves,12,FALSE,FALSE,
2009-06-06,Uruguay,Brazil,Brazil,Juan,36,FALSE,FALSE,
2009-06-06,Uruguay,Brazil,Brazil,Luís Fabiano,52,FALSE,FALSE,
2009-06-06,Uruguay,Brazil,Brazil,Kaká,75,FALSE,TRUE,
2009-06-10,Brazil,Paraguay,Brazil,Robinho,40,FALSE,FALSE,
2009-06-10,Brazil,Paraguay,Brazil,Nilmar,49,FALSE,FALSE,
2009-06-15,Brazil,Egypt,Brazil,Kaká,5,FALSE,FALSE,
2009-06-15,Brazil,Egypt,Brazil,Luís Fabiano,11,FALSE,FALSE,
2009-06-15,Brazil,Egypt,Brazil,Juan,37,FALSE,FALSE,
2009-06-15,Brazil,Egypt,Brazil,Kaká,90,FALSE,TRUE,
2009-06-18,United States,Brazil,Brazil,Felipe Melo,7,FALSE,FALSE,
2009-06-18,United States,Brazil,Brazil,Robinho,20,FALSE,FALSE,
2009-06-18,United States,Brazil,Brazil,Maicon Sisenando,62,FALSE,FALSE,
2009-06-21,Italy,Brazil,Brazil,Luís Fabiano,37,FALSE,FALSE,
2009-06-21,Italy,Brazil,Brazil,Luís Fabiano,43,FALSE,FALSE,
2009-06-21,Italy,Brazil,Brazil,Andrea Dossena,45,TRUE,FALSE,
2009-06-25,South Africa,Brazil,Brazil,Dani Alves,88,FALSE,FALSE,
2009-06-28,United States,Brazil,Brazil,Luís Fabiano,46,FALSE,FALSE,
2009-06-28,United States,Brazil,Brazil,Luís Fabiano,74,FALSE,FALSE,
2009-06-28,United States,Brazil,Brazil,Lúcio,84,FALSE,FALSE,
2009-09-05,Argentina,Brazil,Brazil,Luisão,23,FALSE,FALSE,
2009-09-05,Argentina,Brazil,Brazil,Luís Fabiano,30,FALSE,FALSE,
2009-09-05,Argentina,Brazil,Brazil,Luís Fabiano,68,FALSE,FALSE,
2009-09-09,Brazil,Chile,Brazil,Nilmar,31,FALSE,FALSE,
2009-09-09,Brazil,Chile,Brazil,Júlio Baptista,40,FALSE,FALSE,
2009-09-09,Brazil,Chile,Brazil,Nilmar,74,FALSE,FALSE,
2009-09-09,Brazil,Chile,Brazil,Nilmar,76,FALSE,FALSE,
2009-10-11,Bolivia,Brazil,Brazil,Nilmar,70,FALSE,FALSE,
2010-06-15,Brazil,North Korea,Brazil,Maicon Sisenando,55,FALSE,FALSE,
2010-06-15,Brazil,North Korea,Brazil,Elano,72,FALSE,FALSE,
2010-06-20,Brazil,Ivory Coast,Brazil,Luís Fabiano,25,FALSE,FALSE,
2010-06-20,Brazil,Ivory Coast,Brazil,Luís Fabiano,50,FALSE,FALSE,
2010-06-20,Brazil,Ivory Coast,Brazil,Elano,62,FALSE,FALSE,
2010-06-28,Brazil,Chile,Brazil,Juan,34,FALSE,FALSE,
2010-06-28,Brazil,Chile,Brazil,Luís Fabiano,38,FALSE,FALSE,
2010-06-28,Brazil,Chile,Brazil,Robinho,59,FALSE,FALSE,
2010-07-02,Netherlands,Brazil,Brazil,Robinho,10,FALSE,FALSE,
2011-07-09,Brazil,Paraguay,Brazil,Jádson,38,FALSE,FALSE,
2011-07-09,Brazil,Paraguay,Brazil,Fred,89,FALSE,FALSE,
2011-07-13,Brazil,Ecuador,Brazil,Alexandre Pato,28,FALSE,FALSE,
2011-07-13,Brazil,Ecuador,Brazil,Neymar,48,FALSE,FALSE,
2011-07-13,Brazil,Ecuador,Brazil,Alexandre Pato,61,FALSE,FALSE,
2011-07-13,Brazil,Ecuador,Brazil,Neymar,71,FALSE,FALSE,
2013-06-15,Brazil,Japan,Brazil,Neymar,3,FALSE,FALSE,
2013-06-15,Brazil,Japan,Brazil,Paulinho,48,FALSE,FALSE,
2013-06-15,Brazil,Japan,Brazil,Jô,90,FALSE,FALSE,
2013-06-19,Brazil,Mexico,Brazil,Neymar,9,FALSE,FALSE,
2013-06-19,Brazil,Mexico,Brazil,Jô,90,FALSE,FALSE,
2013-06-22,Brazil,Italy,Brazil,Dante,45,FALSE,FALSE,
2013-06-22,Brazil,Italy,Brazil,Neymar,55,FALSE,FALSE,
2013-06-22,Brazil,Italy,Brazil,Fred,66,FALSE,FALSE,
2013-06-22,Brazil,Italy,Brazil,Fred,89,FALSE,FALSE,
2013-06-26,Brazil,Uruguay,Brazil,Fred,41,FALSE,FALSE,
2013-06-26,Brazil,Uruguay,Brazil,Paulinho,86,FALSE,FALSE,
2013-06-30,Brazil,Spain,Brazil,Fred,2,FALSE,FALSE,
2013-06-30,Brazil,Spain,Brazil,Neymar,44,FALSE,FALSE,
2013-06-30,Brazil,Spain,Brazil,Fred,48,FALSE,FALSE,
2014-06-12,Brazil,Croatia,Brazil,Neymar,29,FALSE,FALSE,
2014-06-12,Brazil,Croatia,Brazil,Neymar,71,FALSE,TRUE,
2014-06-12,Brazil,Croatia,Brazil,Oscar,90,FALSE,FALSE,
2014-06-23,Brazil,Cameroon,Brazil,Neymar,17,FALSE,FALSE,
2014-06-23,Brazil,Cameroon,Brazil,Neymar,35,FALSE,FALSE,
2014-06-23,Brazil,Cameroon,Brazil,Fred,49,FALSE,FALSE,
2014-06-23,Brazil,Cameroon,Brazil,Fernandinho,84,FALSE,FALSE,
2014-06-28,Brazil,Chile,Brazil,David Luiz,18,FALSE,FALSE,
2014-07-04,Brazil,Colombia,Brazil,Thiago Silva,7,FALSE,FALSE,
2014-07-04,Brazil,Colombia,Brazil,David Luiz,69,FALSE,FALSE,
2014-07-08,Brazil,Germany,Brazil,Oscar,90,FALSE,FALSE,
2015-06-14,Brazil,Peru,Brazil,Neymar,4,FALSE,FALSE,
2015-06-14,Brazil,Peru,Brazil,Douglas Costa,90,FALSE,FALSE,
2015-06-21,Brazil,Venezuela,Brazil,Thiago Silva,8,FALSE,FALSE,
2015-06-21,Brazil,Venezuela,Brazil,Roberto Firmino,51,FALSE,FALSE,
2015-06-27,Brazil,Paraguay,Brazil,Robinho,14,FALSE,FALSE,
2015-10-13,Brazil,Venezuela,Brazil,Willian,1,FALSE,FALSE,
2015-10-13,Brazil,Venezuela,Brazil,Willian,42,FALSE,FALSE,
2015-10-13,Brazil,Venezuela,Brazil,Ricardo Oliveira,73,FALSE,FALSE,
2015-11-13,Argentina,Brazil,Brazil,Lucas Lima,58,FALSE,FALSE,
2015-11-17,Brazil,Peru,Brazil,Douglas Costa,22,FALSE,FALSE,
2015-11-17,Brazil,Peru,Brazil,Renato Augusto,57,FALSE,FALSE,
2015-11-17,Brazil,Peru,Brazil,Filipe Luís,76,FALSE,FALSE,
2016-03-25,Brazil,Uruguay,Brazil,Douglas Costa,1,FALSE,FALSE,
2016-03-25,Brazil,Uruguay,Brazil,Renato Augusto,25,FALSE,FALSE,
2016-03-29,Paraguay,Brazil,Brazil,Ricardo Oliveira,79,FALSE,FALSE,
2016-03-29,Paraguay,Brazil,Brazil,Dani Alves,90,FALSE,FALSE,
2016-06-08,Brazil,Haiti,Brazil,Philippe Coutinho,14,FALSE,FALSE,
2016-06-08,Brazil,Haiti,Brazil,Philippe Coutinho,29,FALSE,FALSE,
2016-06-08,Brazil,Haiti,Brazil,Renato Augusto,35,FALSE,FALSE,
2016-06-08,Brazil,Haiti,Brazil,Gabriel Barbosa,59,FALSE,FALSE,
2016-06-08,Brazil,Haiti,Brazil,Lucas Lima,67,FALSE,FALSE,
2016-06-08,Brazil,Haiti,Brazil,Renato Augusto,86,FALSE,FALSE,
2016-06-08,Brazil,Haiti,Brazil,Philippe Coutinho,90,FALSE,FALSE,
2016-09-01,Ecuador,Brazil,Brazil,Neymar,72,FALSE,TRUE,
2016-09-01,Ecuador,Brazil,Brazil,Gabriel Jesus,87,FALSE,FALSE,
2016-09-01,Ecuador,Brazil,Brazil,Gabriel Jesus,90,FALSE,FALSE,
2016-09-06,Brazil,Colombia,Brazil,Miranda,2,FALSE,FALSE,
2016-09-06,Brazil,Colombia,Brazil,Neymar,74,FALSE,FALSE,
2016-10-06,Brazil,Bolivia,Brazil,Neymar,10,FALSE,FALSE,
2016-10-06,Brazil,Bolivia,Brazil,Philippe Coutinho,25,FALSE,FALSE,
2016-10-06,Brazil,Bolivia,Brazil,Filipe Luís,38,FALSE,FALSE,
2016-10-06,Brazil,Bolivia,Brazil,Gabriel Jesus,43,FALSE,FALSE,
2016-10-06,Brazil,Bolivia,Brazil,Roberto Firmino,75,FALSE,FALSE,
2016-10-11,Venezuela,Brazil,Brazil,Gabriel Jesus,7,FALSE,FALSE,
2016-10-11,Venezuela,Brazil,Brazil,Willian,53,FALSE,FALSE,
2016-11-10,Brazil,Argentina,Brazil,Philippe Coutinho,25,FALSE,FALSE,
2016-11-10,Brazil,Argentina,Brazil,Neymar,45,FALSE,FALSE,
2016-11-10,Brazil,Argentina,Brazil,Paulinho,58,FALSE,FALSE,
2016-11-15,Peru,Brazil,Brazil,Gabriel Jesus,57,FALSE,FALSE,
2016-11-15,Peru,Brazil,Brazil,Renato Augusto,78,FALSE,FALSE,
2017-03-23,Uruguay,Brazil,Brazil,Paulinho,18,FALSE,FALSE,
2017-03-23,Uruguay,Brazil,Brazil,Paulinho,51,FALSE,FALSE,
2017-03-23,Uruguay,Brazil,Brazil,Neymar,74,FALSE,FALSE,
2017-03-23,Uruguay,Brazil,Brazil,Paulinho,90,FALSE,FALSE,
2017-03-28,Brazil,Paraguay,Brazil,Philippe Coutinho,34,FALSE,FALSE,
2017-03-28,Brazil,Paraguay,Brazil,Neymar,63,FALSE,FALSE,
2017-03-28,Brazil,Paraguay,Brazil,Marcelo,85,FALSE,FALSE,
2017-08-31,Brazil,Ecuador,Brazil,Paulinho,69,FALSE,FALSE,
2017-08-31,Brazil,Ecuador,Brazil,Philippe Coutinho,76,FALSE,FALSE,
2017-09-05,Colombia,Brazil,Brazil,Willian,45,FALSE,FALSE,
2017-10-10,Brazil,Chile,Brazil,Paulinho,55,FALSE,FALSE,
2017-10-10,Brazil,Chile,Brazil,Gabriel Jesus,57,FALSE,FALSE,
2017-10-10,Brazil,Chile,Brazil,Gabriel Jesus,90,FALSE,FALSE,
2018-06-17,Brazil,Switzerland,Brazil,Philippe Coutinho,20,FALSE,FALSE,
2018-06-22,Brazil,Costa Rica,Brazil,Philippe Coutinho,90,FALSE,FALSE,
2018-06-22,Brazil,Costa Rica,Brazil,Neymar,90,FALSE,FALSE,
2018-06-27,Serbia,Brazil,Brazil,Paulinho,36,FALSE,FALSE,
2018-06-27,Serbia,Brazil,Brazil,Thiago Silva,68,FALSE,FALSE,
2018-07-02,Brazil,Mexico,Brazil,Neymar,51,FALSE,FALSE,
2018-07-02,Brazil,Mexico,Brazil,Roberto Firmino,88,FALSE,FALSE,
2018-07-06,Brazil,Belgium,Brazil,Renato Augusto,76,FALSE,FALSE,
2019-06-14,Brazil,Bolivia,Brazil,Philippe Coutinho,50,FALSE,TRUE,
2019-06-14,Brazil,Bolivia,Brazil,Philippe Coutinho,53,FALSE,FALSE,
2019-06-14,Brazil,Bolivia,Brazil,Everton Soares,85,FALSE,FALSE,
2019-06-22,Brazil,Peru,Brazil,Casemiro,12,FALSE,FALSE,
2019-06-22,Brazil,Peru,Brazil,Roberto Firmino,19,FALSE,FALSE,
2019-06-22,Brazil,Peru,Brazil,Everton Soares,32,FALSE,FALSE,
2019-06-22,Brazil,Peru,Brazil,Dani Alves,53,FALSE,FALSE,
2019-06-22,Brazil,Peru,Brazil,Willian,90,FALSE,FALSE,
2019-07-02,Brazil,Argentina,Brazil,Gabriel Jesus,19,FALSE,FALSE,
2019-07-02,Brazil,Argentina,Brazil,Roberto Firmino,71,FALSE,FALSE,
2019-07-07,Brazil,Peru,Brazil,Everton Soares,15,FALSE,FALSE,
2019-07-07,Brazil,Peru,Brazil,Gabriel Jesus,45,FALSE,FALSE,
2019-07-07,Brazil,Peru,Brazil,Richarlison,90,FALSE,TRUE,
2020-10-09,Brazil,Bolivia,Brazil,Marquinhos,16,FALSE,FALSE,
2020-10-09,Brazil,Bolivia,Brazil,Roberto Firmino,30,FALSE,FALSE,
2020-10-09,Brazil,Bolivia,Brazil,Roberto Firmino,49,FALSE,FALSE,
2020-10-09,Brazil,Bolivia,Brazil,José María Carrasco,66,TRUE,FALSE,
2020-10-09,Brazil,Bolivia,Brazil,Philippe Coutinho,73,FALSE,FALSE,
2020-10-13,Peru,Brazil,Brazil,Neymar,28,FALSE,TRUE,
2020-10-13,Peru,Brazil,Brazil,Richarlison,64,FALSE,FALSE,
2020-10-13,Peru,Brazil,Brazil,Neymar,83,FALSE,TRUE,
2020-10-13,Peru,Brazil,Brazil,Neymar,90,FALSE,FALSE,
2020-11-13,Brazil,Venezuela,Brazil,Roberto Firmino,66,FALSE,FALSE,
2020-11-17,Uruguay,Brazil,Brazil,Arthur Melo,33,FALSE,FALSE,
2020-11-17,Uruguay,Brazil,Brazil,Richarlison,45,FALSE,FALSE,
2021-06-04,Brazil,Ecuador,Brazil,Richarlison,65,FALSE,FALSE,
2021-06-04,Brazil,Ecuador,Brazil,Neymar,90,FALSE,TRUE,
2021-06-08,Paraguay,Brazil,Brazil,Neymar,4,FALSE,FALSE,
2021-06-08,Paraguay,Brazil,Brazil,Lucas Paquetá,90,FALSE,FALSE,
2021-06-13,Brazil,Venezuela,Brazil,Marquinhos,23,FALSE,FALSE,
2021-06-13,Brazil,Venezuela,Brazil,Neymar,64,FALSE,TRUE,
2021-06-13,Brazil,Venezuela,Brazil,Gabriel Barbosa,89,FALSE,FALSE,
2021-06-17,Brazil,Peru,Brazil,Alex Sandro,12,FALSE,FALSE,
2021-06-17,Brazil,Peru,Brazil,Neymar,68,FALSE,FALSE,
2021-06-17,Brazil,Peru,Brazil,Éverton Ribeiro,89,FALSE,FALSE,
2021-06-17,Brazil,Peru,Brazil,Richarlison,90,FALSE,FALSE,
2021-06-23,Brazil,Colombia,Brazil,Roberto Firmino,78,FALSE,FALSE,
2021-06-23,Brazil,Colombia,Brazil,Casemiro,90,FALSE,FALSE,
2021-06-27,Brazil,Ecuador,Brazil,Éder Militão,37,FALSE,FALSE,
2021-07-02,Brazil,Chile,Brazil,Lucas Paquetá,46,FALSE,FALSE,
2021-07-05,Brazil,Peru,Brazil,Lucas Paquetá,35,FALSE,FALSE,
2021-09-02,Chile,Brazil,Brazil,Éverton Ribeiro,64,FALSE,FALSE,
2021-09-09,Brazil,Peru,Brazil,Éverton Ribeiro,15,FALSE,FALSE,
2021-09-09,Brazil,Peru,Brazil,Neymar,40,FALSE,FALSE,
2021-10-07,Venezuela,Brazil,Brazil,Marquinhos,71,FALSE,FALSE,
2021-10-07,Venezuela,Brazil,Brazil,Gabriel Barbosa,85,FALSE,TRUE,
2021-10-07,Venezuela,Brazil,Brazil,Antony,90,FALSE,FALSE,
2021-10-14,Brazil,Uruguay,Brazil,Neymar,10,FALSE,FALSE,
2021-10-14,Brazil,Uruguay,Brazil,Raphinha,18,FALSE,FALSE,
2021-10-14,Brazil,Uruguay,Brazil,Raphinha,58,FALSE,FALSE,
2021-10-14,Brazil,Uruguay,Brazil,Gabriel Barbosa,83,FALSE,FALSE,
2021-11-11,Brazil,Colombia,Brazil,Lucas Paquetá,72,FALSE,FALSE,
2022-01-27,Ecuador,Brazil,Brazil,Casemiro,6,FALSE,FALSE,
2022-02-01,Brazil,Paraguay,Brazil,Raphinha,28,FALSE,FALSE,
2022-02-01,Brazil,Paraguay,Brazil,Philippe Coutinho,62,FALSE,FALSE,
2022-02-01,Brazil,Paraguay,Brazil,Antony,86,FALSE,FALSE,
2022-02-01,Brazil,Paraguay,Brazil,Rodrygo,88,FALSE,FALSE,
2022-03-24,Brazil,Chile,Brazil,Neymar,44,FALSE,TRUE,
2022-03-24,Brazil,Chile,Brazil,Vinícius Júnior,45,FALSE,FALSE,
2022-03-24,Brazil,Chile,Brazil,Philippe Coutinho,72,FALSE,TRUE,
2022-03-24,Brazil,Chile,Brazil,Richarlison,90,FALSE,FALSE,
2022-03-29,Bolivia,Brazil,Brazil,Lucas Paquetá,24,FALSE,FALSE,
2022-03-29,Bolivia,Brazil,Brazil,Richarlison,45,FALSE,FALSE,
2022-03-29,Bolivia,Brazil,Brazil,Bruno Guimarães,66,FALSE,FALSE,
2022-03-29,Bolivia,Brazil,Brazil,Richarlison,90,FALSE,FALSE,
2022-11-24,Brazil,Serbia,Brazil,Richarlison,62,FALSE,FALSE,
2022-11-24,Brazil,Serbia,Brazil,Richarlison,73,FALSE,FALSE,
2022-11-28,Brazil,Switzerland,Brazil,Casemiro,83,FALSE,FALSE,
2022-12-05,Brazil,South Korea,Brazil,Vinícius Júnior,7,FALSE,FALSE,
2022-12-05,Brazil,South Korea,Brazil,Neymar,13,FALSE,TRUE,
2022-12-05,Brazil,South Korea,Brazil,Richarlison,29,FALSE,FALSE,
2022-12-05,Brazil,South Korea,Brazil,Lucas Paquetá,36,FALSE,FALSE,
2022-12-09,Croatia,Brazil,Brazil,Neymar,105,FALSE,FALSE,
2023-09-08,Brazil,Bolivia,Brazil,Rodrygo,24,FALSE,FALSE,
2023-09-08,Brazil,Bolivia,Brazil,Raphinha,47,FALSE,FALSE,
2023-09-08,Brazil,Bolivia,Brazil,Rodrygo,53,FALSE,FALSE,
2023-09-08,Brazil,Bolivia,Brazil,Neymar,61,FALSE,FALSE,
2023-09-08,Brazil,Bolivia,Brazil,Neymar,90,FALSE,FALSE,
2023-09-12,Peru,Brazil,Brazil,Marquinhos,90,FALSE,FALSE,
2023-10-12,Brazil,Venezuela,Brazil,Gabriel Magalhães,50,FALSE,FALSE,
2023-11-16,Colombia,Brazil,Brazil,Gabriel Martinelli,4,FALSE,FALSE,
2024-06-28,Paraguay,Brazil,Brazil,Vinícius Júnior,35,FALSE,FALSE,
2024-06-28,Paraguay,Brazil,Brazil,Sávio,43,FALSE,FALSE,
2024-06-28,Paraguay,Brazil,Brazil,Vinícius Júnior,45,FALSE,FALSE,
2024-06-28,Paraguay,Brazil,Brazil,Lucas Paquetá,65,FALSE,TRUE,
2024-07-02,Brazil,Colombia,Brazil,Raphinha,12,FALSE,FALSE,
2024-09-06,Brazil,Ecuador,Brazil,Rodrygo,30,FALSE,FALSE,
2024-10-10,Chile,Brazil,Brazil,Igor Jesus,45,FALSE,FALSE,
2024-10-10,Chile,Brazil,Brazil,Luiz Henrique,89,FALSE,FALSE,
2024-10-15,Brazil,Peru,Brazil,Raphinha,38,FALSE,TRUE,
2024-10-15,Brazil,Peru,Brazil,Raphinha,54,FALSE,TRUE,
2024-10-15,Brazil,Peru,Brazil,Andreas Pereira,71,FALSE,FALSE,
2024-10-15,Brazil,Peru,Brazil,Luiz Henrique,74,FALSE,FALSE,
2024-11-14,Venezuela,Brazil,Brazil,Raphinha,43,FALSE,FALSE,
2024-11-19,Brazil,Uruguay,Brazil,Gerson,62,FALSE,FALSE,
2025-03-20,Brazil,Colombia,Brazil,Raphinha,6,FALSE,TRUE,
2025-03-20,Brazil,Colombia,Brazil,Vinícius Júnior,90,FALSE,FALSE,
2025-03-25,Argentina,Brazil,Brazil,Matheus Cunha,26,FALSE,FALSE,
2025-06-10,Brazil,Paraguay,Brazil,Vinícius Júnior,44,FALSE,FALSE,
2025-09-04,Brazil,Chile,Brazil,Estêvão Willian,38,FALSE,FALSE,
2025-09-04,Brazil,Chile,Brazil,Lucas Paquetá,72,FALSE,FALSE,
2025-09-04,Brazil,Chile,Brazil,Bruno Guimarães,76,FALSE,FALSE,
2026-06-13,Brazil,Morocco,Brazil,Vinícius Júnior,32,FALSE,FALSE,
